time,N,N,N,N,N,N,N,N,N,N,N,N,N,N,N,N,N,N,N,N,N,N,N,N,N,N,N,N,N,N,N,N,N,N,N,N,N,N,N,N,N,N,N,N,N,N,N,N,N,N,N,N,N,N,N,N,N,N,N,time,N,N,N,N,N,N,N,N,N,N,N,N,N,N,N,N,N,N,N,N,N,N,N,N,N,N,N,N,N,N,N,N,N,N,N,N,N,N,N,N,N,N,N,N,N,N,N,N,N,N,N,N,N,N,N,N,N,N,N,N,time,N,N,N,N,N,N,N,N,N,N,N,N,N,N,N,N,N,N,N,N,N,N,N,N,N,N,N,N,N,N,N,N,N,N,N,N,N,N,N,N,N,N,N,N,N,N,N,N,N,N,N,N,N,N,N,N,N,N,N
n=2,n=2,n=2,n=2,n=2,n=2,n=2,n=2,n=2,n=2,n=2,n=2,n=2,n=2,n=2,n=2,n=2,n=2,n=2,n=2,n=2,n=2,n=2,n=2,n=2,n=2,n=2,n=2,n=2,n=2,n=2,n=2,n=2,n=2,n=2,n=2,n=2,n=2,n=2,n=2,n=2,n=2,n=2,n=2,n=2,n=2,n=2,n=2,n=2,n=2,n=2,n=2,n=2,n=2,n=2,n=2,n=2,n=2,n=2,n=2,n=5,n=5,n=5,n=5,n=5,n=5,n=5,n=5,n=5,n=5,n=5,n=5,n=5,n=5,n=5,n=5,n=5,n=5,n=5,n=5,n=5,n=5,n=5,n=5,n=5,n=5,n=5,n=5,n=5,n=5,n=5,n=5,n=5,n=5,n=5,n=5,n=5,n=5,n=5,n=5,n=5,n=5,n=5,n=5,n=5,n=5,n=5,n=5,n=5,n=5,n=5,n=5,n=5,n=5,n=5,n=5,n=5,n=5,n=5,n=5,n=5,n=12,n=12,n=12,n=12,n=12,n=12,n=12,n=12,n=12,n=12,n=12,n=12,n=12,n=12,n=12,n=12,n=12,n=12,n=12,n=12,n=12,n=12,n=12,n=12,n=12,n=12,n=12,n=12,n=12,n=12,n=12,n=12,n=12,n=12,n=12,n=12,n=12,n=12,n=12,n=12,n=12,n=12,n=12,n=12,n=12,n=12,n=12,n=12,n=12,n=12,n=12,n=12,n=12,n=12,n=12,n=12,n=12,n=12,n=12,n=12
0.0,2.0,2.0,2.0,2.0,2.0,2.0,2.0,2.0,2.0,2.0,2.0,2.0,2.0,2.0,2.0,2.0,2.0,2.0,2.0,2.0,2.0,2.0,2.0,2.0,2.0,1.0,2.0,2.0,1.0,2.0,2.0,2.0,2.0,2.0,3.0,2.0,2.0,2.0,1.0,2.0,3.0,2.0,2.0,2.0,2.0,2.0,2.0,2.0,2.0,2.0,2.0,1.0,2.0,2.0,2.0,2.0,2.0,2.0,2.0,0.0,5,5,4,3,3,4,3,4,5,4,4,4,3,3,4,5,4,6,5,4,6,2,6,4,5,7,3,5,3,4,4,4,2,5,4,5,4,3,6,6,3,5,6,3,5,3,4,2,2,3,5,2,4,2,4,4,3,4,4,5,0,10.0,13.0,9.0,12.0,8.0,11.0,9.0,8.0,11.0,12.0,8.0,10.0,12.0,11.0,9.0,10.0,12.0,7.0,12.0,9.0,10.0,7.0,9.0,10.0,14.0,11.0,13.0,14.0,8.0,10.0,11.0,13.0,10.0,11.0,8.0,19.0,4.0,13.0,11.0,12.0,8.0,10.0,18.0,29.0,11.0,12.0,8.0,10.0,8.0,13.0,10.0,10.0,10.0,10.0,11.0,13.0,12.0,8.0,8.0
4.41666666666667,2.0,2.0,2.0,2.0,4.0,3.0,3.0,2.0,2.0,2.0,2.0,2.0,3.0,2.0,2.0,1.0,2.0,3.0,2.0,2.0,2.0,3.0,2.0,2.0,2.0,2.0,2.0,2.0,1.0,2.0,2.0,4.0,2.0,2.0,2.0,1.0,2.0,3.0,4.0,3.0,3.0,2.0,2.0,3.0,2.0,2.0,2.0,3.0,2.0,2.0,2.0,0.0,1.0,2.0,2.0,4.0,2.0,2.0,2.0,4.0,7,5,4,2,4,5,2,4,5,5,6,5,3,5,4,5,4,6,6,4,4,2,7,4,7,7,5,5,3,6,3,4,2,5,4,4,5,4,5,8,3,5,9,3,4,4,5,3,2,4,5,2,6,5,4,4,3,7,5,7,4,12.0,28.0,10.0,12.0,9.0,6.0,9.0,10.0,11.0,12.0,8.0,9.0,9.0,11.0,11.0,9.0,11.0,7.0,12.0,9.0,12.0,7.0,8.0,12.0,15.0,11.0,13.0,14.0,8.0,10.0,11.0,13.0,13.0,10.0,8.0,17.0,5.0,13.0,11.0,12.0,10.0,10.0,19.0,18.0,14.0,17.0,9.0,10.0,8.0,18.0,10.0,11.0,12.0,14.0,11.0,13.0,12.0,9.0,8.0
8.41666666666667,1.0,4.0,2.0,3.0,2.0,3.0,3.0,2.0,2.0,2.0,2.0,2.0,3.0,2.0,2.0,1.0,2.0,3.0,2.0,2.0,2.0,3.0,2.0,1.0,2.0,2.0,2.0,2.0,1.0,1.0,2.0,5.0,2.0,3.0,2.0,1.0,3.0,3.0,1.0,3.0,3.0,2.0,2.0,4.0,2.0,2.0,2.0,3.0,2.0,2.0,2.0,0.0,1.0,2.0,2.0,3.0,2.0,2.0,2.0,8.0,7,5,4,2,4,5,2,4,5,5,6,5,4,5,4,5,4,6,6,4,7,2,7,4,7,7,4,4,3,6,3,4,2,5,4,4,5,3,5,8,3,5,9,3,4,4,6,4,3,4,5,2,6,5,4,4,4,6,5,7,8,12.0,29.0,10.0,11.0,10.0,5.0,10.0,10.0,11.0,11.0,9.0,9.0,12.0,11.0,11.0,10.0,12.0,7.0,13.0,9.0,11.0,7.0,11.0,10.0,14.0,11.0,14.0,13.0,8.0,10.0,11.0,16.0,11.0,10.0,8.0,12.0,7.0,13.0,12.0,11.0,7.0,10.0,19.0,20.0,12.0,15.0,10.0,11.0,8.0,17.0,11.0,10.0,10.0,13.0,11.0,13.0,14.0,8.0,9.0
12.4166666666667,1.0,2.0,2.0,2.0,2.0,3.0,3.0,2.0,2.0,3.0,2.0,2.0,4.0,2.0,2.0,1.0,2.0,3.0,2.0,2.0,2.0,4.0,2.0,1.0,2.0,2.0,2.0,2.0,1.0,0.0,2.0,2.0,2.0,3.0,3.0,1.0,3.0,3.0,3.0,3.0,3.0,2.0,3.0,4.0,3.0,2.0,2.0,3.0,2.0,2.0,2.0,0.0,1.0,2.0,2.0,3.0,3.0,0.0,2.0,12.0,6,5,4,2,4,5,5,4,6,4,6,3,4,5,5,5,4,6,6,5,7,1,7,4,6,7,4,4,3,4,4,4,2,6,4,5,5,3,6,8,3,5,10,3,4,5,5,4,3,4,5,2,6,6,4,4,3,7,5,7,12,12.0,35.0,11.0,11.0,11.0,6.0,8.0,10.0,13.0,13.0,9.0,13.0,11.0,11.0,10.0,10.0,12.0,7.0,13.0,9.0,11.0,8.0,12.0,11.0,14.0,11.0,16.0,14.0,8.0,10.0,11.0,16.0,10.0,12.0,8.0,16.0,6.0,14.0,11.0,11.0,9.0,10.0,21.0,10.0,11.0,14.0,10.0,12.0,8.0,18.0,11.0,11.0,10.0,13.0,12.0,13.0,12.0,9.0,10.0
16.4166666666667,1.0,3.0,2.0,2.0,2.0,3.0,3.0,2.0,2.0,3.0,2.0,2.0,3.0,2.0,2.0,1.0,2.0,3.0,2.0,2.0,2.0,4.0,3.0,2.0,2.0,1.0,2.0,2.0,1.0,1.0,2.0,5.0,2.0,3.0,3.0,1.0,3.0,3.0,2.0,3.0,3.0,2.0,2.0,4.0,2.0,2.0,2.0,3.0,2.0,2.0,2.0,0.0,1.0,2.0,2.0,2.0,2.0,1.0,2.0,16.0,5,5,4,2,4,5,2,4,7,5,6,3,4,5,4,6,4,6,8,3,7,1,6,4,8,6,4,4,3,4,4,4,3,5,4,6,5,3,7,9,3,5,9,3,4,5,6,5,3,4,5,2,7,6,4,4,3,7,6,7,16,11.0,25.0,13.0,12.0,9.0,7.0,10.0,9.0,12.0,13.0,8.0,11.0,12.0,12.0,11.0,11.0,11.0,8.0,15.0,10.0,12.0,10.0,11.0,11.0,14.0,11.0,14.0,15.0,8.0,10.0,11.0,17.0,11.0,12.0,8.0,15.0,7.0,18.0,13.0,12.0,8.0,10.0,20.0,11.0,12.0,16.0,10.0,12.0,9.0,18.0,11.0,12.0,10.0,14.0,12.0,15.0,13.0,8.0,10.0
20.4166666666667,2.0,4.0,2.0,2.0,2.0,3.0,3.0,2.0,2.0,3.0,2.0,2.0,2.0,2.0,2.0,1.0,2.0,3.0,2.0,2.0,2.0,4.0,2.0,3.0,2.0,2.0,2.0,2.0,1.0,2.0,1.0,4.0,2.0,3.0,3.0,1.0,3.0,3.0,1.0,3.0,3.0,1.0,2.0,4.0,2.0,2.0,2.0,3.0,1.0,2.0,2.0,0.0,1.0,2.0,2.0,3.0,2.0,2.0,3.0,20.0,5,5,4,2,4,5,4,4,7,5,6,4,4,6,4,5,4,6,7,4,7,1,8,4,5,6,4,4,3,6,4,4,3,6,5,6,5,4,7,10,4,6,9,3,4,4,6,5,3,5,6,2,7,7,4,4,3,8,6,8,20,14.0,30.0,12.0,13.0,10.0,7.0,11.0,10.0,13.0,13.0,9.0,12.0,12.0,12.0,12.0,10.0,11.0,6.0,16.0,11.0,13.0,11.0,11.0,11.0,13.0,11.0,15.0,14.0,9.0,12.0,12.0,17.0,12.0,13.0,7.0,14.0,6.0,16.0,14.0,12.0,10.0,11.0,20.0,12.0,12.0,16.0,11.0,13.0,9.0,16.0,12.0,12.0,10.0,13.0,13.0,14.0,12.0,9.0,10.0
24.4166666666667,2.0,4.0,2.0,3.0,1.0,3.0,3.0,2.0,2.0,3.0,2.0,2.0,2.0,2.0,2.0,1.0,2.0,3.0,2.0,2.0,3.0,4.0,3.0,3.0,3.0,2.0,3.0,2.0,1.0,0.0,2.0,4.0,2.0,3.0,1.0,2.0,3.0,4.0,4.0,3.0,3.0,2.0,3.0,5.0,3.0,2.0,3.0,3.0,2.0,2.0,2.0,0.0,1.0,2.0,3.0,3.0,2.0,2.0,3.0,24.0,5,5,4,2,6,6,1,5,7,5,6,4,4,7,4,5,4,6,8,5,7,1,8,4,8,6,3,4,3,6,4,4,3,6,5,6,6,4,7,10,3,5,10,3,4,5,7,6,3,6,6,2,8,7,4,5,3,9,6,8,24,11.0,14.0,12.0,12.0,10.0,8.0,11.0,11.0,13.0,14.0,9.0,12.0,13.0,12.0,11.0,11.0,14.0,7.0,15.0,12.0,14.0,12.0,11.0,12.0,14.0,13.0,16.0,14.0,11.0,12.0,13.0,18.0,12.0,13.0,7.0,16.0,6.0,16.0,14.0,12.0,10.0,13.0,21.0,14.0,12.0,16.0,11.0,13.0,10.0,17.0,13.0,12.0,10.0,17.0,14.0,15.0,13.0,8.0,11.0
28.4166666666667,1.0,4.0,2.0,2.0,1.0,3.0,3.0,2.0,2.0,3.0,3.0,2.0,2.0,2.0,2.0,1.0,2.0,3.0,2.0,2.0,2.0,4.0,3.0,3.0,3.0,2.0,3.0,2.0,1.0,2.0,2.0,4.0,2.0,3.0,2.0,2.0,4.0,3.0,4.0,3.0,3.0,2.0,3.0,4.0,2.0,2.0,2.0,3.0,1.0,2.0,2.0,0.0,1.0,2.0,3.0,3.0,2.0,1.0,3.0,27.9,6,5,5,2,5,8,2,5,6,5,6,5,5,7,4,6,4,7,8,6,8,1,9,4,8,7,4,5,3,6,4,4,3,6,5,6,5,4,7,10,3,5,10,4,4,6,8,6,4,6,6,2,8,6,4,6,3,8,6,9,28,13.0,12.0,15.0,13.0,9.0,6.0,10.0,12.0,15.0,13.0,12.0,14.0,15.0,13.0,13.0,11.0,14.0,8.0,18.0,12.0,15.0,13.0,9.0,12.0,15.0,14.0,16.0,15.0,10.0,12.0,12.0,10.0,15.0,13.0,11.0,17.0,7.0,17.0,14.0,12.0,10.0,13.0,21.0,15.0,13.0,17.0,12.0,15.0,11.0,20.0,13.0,13.0,10.0,16.0,14.0,14.0,15.0,11.0,11.0
32.4166666666667,1.0,3.0,2.0,3.0,1.0,4.0,3.0,2.0,2.0,3.0,2.0,2.0,3.0,2.0,2.0,1.0,3.0,3.0,2.0,3.0,2.0,4.0,3.0,3.0,3.0,2.0,4.0,2.0,1.0,2.0,2.0,4.0,2.0,2.0,1.0,1.0,3.0,3.0,4.0,3.0,3.0,2.0,2.0,4.0,2.0,2.0,3.0,3.0,1.0,2.0,2.0,0.0,1.0,2.0,3.0,3.0,2.0,2.0,1.0,31.9,7,5,5,3,5,8,3,5,5,7,7,5,6,7,4,6,4,8,9,6,8,1,9,5,5,9,2,4,4,7,4,4,4,7,6,6,5,4,7,10,4,5,12,3,7,6,8,4,4,6,7,2,9,8,4,6,4,9,6,8,32,11.0,12.0,15.0,14.0,9.0,7.0,12.0,11.0,14.0,14.0,10.0,13.0,15.0,15.0,14.0,11.0,16.0,8.0,18.0,12.0,16.0,13.0,9.0,11.0,18.0,15.0,17.0,16.0,10.0,13.0,16.0,20.0,14.0,13.0,9.0,17.0,7.0,17.0,15.0,13.0,10.0,13.0,22.0,15.0,15.0,18.0,14.0,16.0,11.0,20.0,13.0,14.0,10.0,17.0,14.0,14.0,14.0,11.0,11.0
36.4166666666667,1.0,4.0,2.0,2.0,2.0,4.0,3.0,3.0,3.0,3.0,2.0,2.0,3.0,2.0,2.0,1.0,3.0,3.0,2.0,2.0,2.0,4.0,4.0,2.0,4.0,2.0,3.0,2.0,1.0,2.0,2.0,3.0,2.0,2.0,3.0,1.0,3.0,3.0,4.0,3.0,3.0,2.0,2.0,4.0,2.0,2.0,3.0,4.0,1.0,2.0,2.0,0.0,0.0,2.0,4.0,3.0,2.0,1.0,3.0,35.9,6,6,5,3,5,8,3,5,5,6,6,5,5,7,4,7,4,9,7,5,10,1,9,6,6,10,2,5,4,7,4,4,4,8,5,7,5,4,6,13,4,5,10,5,7,7,9,3,5,6,7,2,9,7,4,6,4,9,7,9,36,13.0,13.0,14.0,14.0,11.0,8.0,13.0,11.0,16.0,15.0,11.0,13.0,17.0,14.0,15.0,11.0,16.0,9.0,18.0,12.0,17.0,13.0,9.0,12.0,16.0,15.0,17.0,17.0,10.0,13.0,14.0,19.0,15.0,14.0,10.0,18.0,7.0,20.0,15.0,13.0,12.0,13.0,23.0,15.0,16.0,18.0,14.0,15.0,11.0,20.0,13.0,13.0,11.0,18.0,15.0,16.0,12.0,12.0,12.0
40.4166666666667,1.0,4.0,2.0,3.0,2.0,4.0,4.0,3.0,2.0,4.0,2.0,3.0,3.0,2.0,2.0,1.0,4.0,3.0,2.0,2.0,2.0,4.0,4.0,3.0,3.0,2.0,3.0,2.0,1.0,0.0,2.0,4.0,2.0,2.0,1.0,1.0,3.0,4.0,3.0,3.0,3.0,2.0,2.0,4.0,2.0,2.0,3.0,4.0,1.0,3.0,2.0,0.0,0.0,2.0,4.0,3.0,2.0,2.0,3.0,39.9,7,5,5,3,5,8,3,4,7,7,7,5,6,6,5,8,5,10,7,5,9,1,8,6,9,10,3,6,4,8,4,4,3,8,5,6,4,4,6,15,4,6,11,5,7,6,9,3,5,6,7,2,9,7,6,6,4,9,7,8,40,11.0,15.0,16.0,15.0,11.0,9.0,11.0,12.0,15.0,15.0,12.0,14.0,17.0,18.0,13.0,13.0,14.0,10.0,23.0,11.0,15.0,13.0,10.0,11.0,17.0,16.0,17.0,16.0,11.0,14.0,17.0,5.0,15.0,14.0,10.0,16.0,7.0,20.0,14.0,13.0,11.0,13.0,22.0,15.0,16.0,20.0,13.0,19.0,13.0,20.0,14.0,13.0,10.0,18.0,16.0,15.0,14.0,14.0,11.0
44.4166666666667,2.0,4.0,2.0,2.0,2.0,4.0,4.0,3.0,2.0,4.0,2.0,2.0,3.0,2.0,2.0,1.0,4.0,4.0,2.0,2.0,3.0,4.0,5.0,3.0,4.0,3.0,3.0,2.0,3.0,2.0,1.0,3.0,2.0,2.0,3.0,2.0,3.0,5.0,1.0,3.0,3.0,2.0,3.0,4.0,3.0,3.0,3.0,4.0,1.0,4.0,3.0,0.0,0.0,1.0,4.0,4.0,2.0,1.0,3.0,43.9,8,6,5,3,5,7,2,5,7,7,7,4,6,7,5,8,5,9,8,6,10,2,8,7,7,10,4,6,4,8,4,4,3,9,5,6,6,4,6,14,5,5,10,5,8,7,9,2,5,6,7,2,8,8,6,6,4,10,7,9,44,11.0,17.0,16.0,15.0,9.0,8.0,11.0,11.0,17.0,17.0,13.0,14.0,17.0,16.0,13.0,12.0,14.0,9.0,20.0,13.0,17.0,14.0,10.0,12.0,17.0,16.0,19.0,16.0,12.0,15.0,16.0,7.0,16.0,13.0,9.0,19.0,10.0,22.0,16.0,14.0,13.0,13.0,23.0,15.0,15.0,20.0,14.0,18.0,14.0,21.0,13.0,13.0,10.0,18.0,16.0,16.0,14.0,13.0,13.0
48.4166666666667,3.0,4.0,2.0,3.0,2.0,4.0,5.0,3.0,2.0,5.0,2.0,2.0,3.0,2.0,2.0,1.0,4.0,5.0,2.0,2.0,2.0,4.0,5.0,2.0,4.0,3.0,4.0,2.0,1.0,0.0,4.0,4.0,2.0,2.0,3.0,1.0,3.0,4.0,3.0,3.0,3.0,2.0,2.0,4.0,2.0,3.0,3.0,4.0,1.0,3.0,3.0,2.0,0.0,1.0,4.0,4.0,2.0,1.0,3.0,47.9,9,5,5,4,6,9,4,6,7,7,6,5,6,7,6,8,5,10,8,5,10,2,10,7,7,10,4,6,4,8,4,4,3,7,5,7,5,4,8,13,5,6,9,4,7,7,9,2,5,6,7,3,8,8,6,6,4,11,7,9,48,13.0,17.0,17.0,15.0,10.0,2.0,12.0,10.0,18.0,16.0,14.0,13.0,17.0,17.0,16.0,13.0,14.0,9.0,21.0,12.0,16.0,12.0,11.0,12.0,19.0,17.0,20.0,4.0,12.0,15.0,16.0,16.0,14.0,15.0,9.0,17.0,9.0,21.0,17.0,14.0,12.0,12.0,23.0,14.0,15.0,22.0,15.0,18.0,14.0,20.0,15.0,13.0,10.0,18.0,18.0,17.0,14.0,12.0,12.0
52.4166666666667,2.0,4.0,2.0,3.0,2.0,4.0,5.0,3.0,3.0,5.0,2.0,2.0,3.0,2.0,2.0,1.0,4.0,4.0,2.0,2.0,3.0,4.0,4.0,2.0,3.0,3.0,3.0,2.0,1.0,3.0,2.0,4.0,2.0,2.0,1.0,1.0,3.0,5.0,1.0,3.0,4.0,2.0,2.0,4.0,2.0,3.0,3.0,4.0,1.0,4.0,3.0,0.0,0.0,1.0,4.0,4.0,2.0,2.0,3.0,51.9,7,5,5,4,6,8,4,5,7,6,6,5,6,7,6,8,5,9,8,7,11,2,10,7,7,10,4,7,4,8,4,4,3,9,5,8,5,4,8,14,5,6,9,6,7,7,9,5,7,6,7,3,8,9,5,6,5,9,7,9,52,14.0,17.0,18.0,14.0,10.0,9.0,11.0,10.0,20.0,17.0,11.0,12.0,17.0,17.0,14.0,13.0,15.0,9.0,21.0,12.0,16.0,14.0,11.0,12.0,18.0,17.0,19.0,17.0,12.0,18.0,18.0,11.0,16.0,15.0,9.0,18.0,10.0,21.0,17.0,15.0,12.0,13.0,24.0,16.0,14.0,21.0,15.0,19.0,14.0,23.0,14.0,14.0,14.0,18.0,18.0,17.0,13.0,12.0,14.0
56.4166666666667,2.0,6.0,3.0,2.0,2.0,5.0,5.0,3.0,3.0,5.0,5.0,2.0,3.0,2.0,2.0,1.0,4.0,5.0,2.0,2.0,3.0,4.0,4.0,3.0,4.0,3.0,4.0,3.0,1.0,0.0,3.0,4.0,2.0,5.0,1.0,1.0,3.0,5.0,3.0,3.0,3.0,2.0,2.0,4.0,2.0,3.0,4.0,4.0,1.0,4.0,3.0,0.0,0.0,1.0,4.0,4.0,2.0,1.0,3.0,55.9,7,5,5,4,6,10,3,6,6,7,6,4,6,6,6,8,5,10,8,7,9,2,10,7,8,11,4,6,4,8,4,3,3,8,5,7,4,3,8,12,5,6,9,6,7,7,9,5,3,7,7,3,8,8,6,6,5,10,7,9,56,16.0,16.0,16.0,15.0,11.0,9.0,11.0,12.0,18.0,18.0,12.0,14.0,17.0,17.0,14.0,13.0,16.0,10.0,21.0,16.0,19.0,14.0,11.0,12.0,20.0,17.0,13.0,10.0,13.0,18.0,19.0,4.0,16.0,16.0,11.0,18.0,10.0,23.0,17.0,19.0,14.0,16.0,25.0,16.0,14.0,23.0,15.0,20.0,14.0,22.0,17.0,14.0,15.0,19.0,18.0,17.0,13.0,11.0,14.0
60.4166666666667,2.0,5.0,3.0,2.0,2.0,5.0,5.0,3.0,3.0,6.0,3.0,3.0,3.0,2.0,2.0,1.0,4.0,4.0,3.0,2.0,3.0,4.0,5.0,3.0,4.0,3.0,3.0,2.0,1.0,0.0,3.0,4.0,2.0,5.0,1.0,0.0,4.0,5.0,4.0,5.0,4.0,2.0,2.0,4.0,2.0,3.0,3.0,4.0,1.0,4.0,5.0,2.0,0.0,1.0,4.0,4.0,2.0,2.0,3.0,59.9,7,5,6,4,6,8,3,6,6,7,6,4,6,7,6,8,5,10,8,7,9,3,10,7,7,12,4,7,5,8,5,3,3,9,5,8,5,5,8,16,5,5,9,4,7,7,9,3,4,7,8,3,8,8,7,7,4,12,7,9,60,15.0,15.0,19.0,15.0,13.0,10.0,11.0,13.0,20.0,17.0,11.0,15.0,18.0,18.0,15.0,12.0,14.0,9.0,21.0,14.0,19.0,14.0,11.0,12.0,20.0,17.0,21.0,17.0,14.0,18.0,21.0,21.0,18.0,15.0,11.0,19.0,8.0,21.0,17.0,16.0,14.0,16.0,25.0,15.0,13.0,20.0,15.0,21.0,14.0,22.0,17.0,15.0,13.0,18.0,17.0,19.0,15.0,13.0,14.0
64.4166666666667,2.0,5.0,4.0,2.0,2.0,5.0,5.0,3.0,3.0,6.0,2.0,3.0,3.0,2.0,2.0,1.0,4.0,5.0,3.0,2.0,3.0,4.0,5.0,3.0,3.0,3.0,4.0,3.0,1.0,0.0,3.0,5.0,2.0,5.0,1.0,1.0,3.0,5.0,4.0,5.0,4.0,3.0,2.0,4.0,4.0,3.0,4.0,4.0,1.0,4.0,3.0,0.0,0.0,1.0,4.0,4.0,2.0,0.0,3.0,63.9,8,7,5,3,7,9,4,5,5,6,6,4,7,7,6,7,5,10,7,8,9,2,9,7,10,11,4,6,4,8,4,4,4,9,5,8,5,5,7,13,5,5,10,6,7,7,10,5,4,7,7,3,7,8,6,7,4,11,7,9,64,17.0,16.0,19.0,17.0,14.0,10.0,13.0,13.0,20.0,16.0,13.0,15.0,18.0,17.0,17.0,13.0,14.0,8.0,22.0,15.0,18.0,14.0,11.0,13.0,17.0,18.0,18.0,17.0,14.0,18.0,20.0,17.0,20.0,15.0,11.0,19.0,11.0,22.0,17.0,16.0,14.0,17.0,24.0,17.0,16.0,21.0,15.0,20.0,15.0,26.0,20.0,16.0,14.0,21.0,17.0,19.0,15.0,12.0,16.0
68.4166666666667,3.0,5.0,4.0,3.0,2.0,5.0,5.0,3.0,3.0,6.0,3.0,3.0,3.0,2.0,2.0,1.0,4.0,5.0,3.0,2.0,4.0,4.0,5.0,2.0,4.0,3.0,3.0,4.0,0.0,0.0,1.0,6.0,2.0,5.0,1.0,1.0,3.0,4.0,4.0,5.0,4.0,3.0,2.0,4.0,3.0,3.0,4.0,4.0,2.0,4.0,3.0,0.0,0.0,1.0,4.0,4.0,3.0,1.0,3.0,67.9,8,6,6,3,7,9,4,6,5,8,6,4,7,7,7,8,5,10,10,9,9,2,9,7,7,11,3,6,6,8,5,5,3,11,5,8,5,4,7,16,5,7,9,6,7,6,10,5,4,7,9,2,8,7,7,7,3,11,6,9,68,14.0,15.0,20.0,16.0,13.0,9.0,12.0,12.0,17.0,16.0,14.0,17.0,18.0,17.0,17.0,15.0,14.0,7.0,19.0,15.0,21.0,14.0,12.0,12.0,23.0,19.0,20.0,17.0,13.0,19.0,23.0,20.0,20.0,15.0,14.0,19.0,10.0,21.0,17.0,15.0,14.0,17.0,24.0,17.0,15.0,21.0,15.0,20.0,15.0,25.0,17.0,15.0,14.0,22.0,18.0,20.0,12.0,15.0,14.0
72.4166666666667,2.0,5.0,5.0,3.0,2.0,5.0,5.0,4.0,2.0,6.0,3.0,2.0,3.0,2.0,2.0,1.0,4.0,4.0,3.0,3.0,3.0,5.0,5.0,1.0,3.0,3.0,3.0,3.0,0.0,0.0,3.0,4.0,2.0,5.0,1.0,0.0,4.0,4.0,4.0,5.0,5.0,3.0,2.0,4.0,4.0,3.0,4.0,4.0,2.0,4.0,3.0,2.0,0.0,3.0,4.0,4.0,2.0,3.0,3.0,71.9,9,6,5,4,7,9,4,5,6,7,6,4,7,7,8,8,5,10,11,9,9,2,9,7,5,11,3,7,7,8,4,15,3,9,5,8,8,6,8,14,5,6,11,6,7,7,9,5,4,7,8,2,8,9,7,7,6,12,6,9,72,15.0,15.0,21.0,14.0,15.0,8.0,12.0,12.0,19.0,17.0,14.0,15.0,20.0,18.0,19.0,12.0,16.0,10.0,22.0,15.0,19.0,15.0,11.0,13.0,23.0,19.0,17.0,18.0,11.0,19.0,21.0,10.0,20.0,13.0,11.0,17.0,9.0,23.0,16.0,16.0,12.0,19.0,25.0,19.0,17.0,21.0,15.0,21.0,16.0,24.0,18.0,15.0,14.0,18.0,21.0,20.0,15.0,14.0,14.0
76.4166666666667,2.0,5.0,3.0,3.0,2.0,5.0,5.0,4.0,2.0,6.0,3.0,3.0,3.0,2.0,2.0,1.0,4.0,4.0,3.0,3.0,3.0,5.0,5.0,2.0,3.0,2.0,3.0,4.0,0.0,0.0,1.0,6.0,2.0,5.0,1.0,0.0,3.0,5.0,3.0,5.0,5.0,3.0,2.0,5.0,3.0,3.0,4.0,5.0,1.0,4.0,4.0,0.0,0.0,3.0,4.0,4.0,2.0,2.0,3.0,75.9,9,7,5,4,8,8,3,6,5,8,6,5,7,7,8,7,6,10,9,9,9,2,9,7,6,11,3,5,6,8,4,4,3,10,5,8,8,6,8,20,5,5,11,6,7,7,8,3,3,9,8,2,8,9,6,7,5,12,6,10,76,17.0,14.0,21.0,15.0,15.0,12.0,12.0,12.0,19.0,15.0,13.0,15.0,19.0,15.0,19.0,13.0,16.0,11.0,22.0,15.0,20.0,15.0,12.0,14.0,23.0,19.0,20.0,18.0,14.0,19.0,22.0,11.0,19.0,18.0,12.0,17.0,11.0,25.0,17.0,18.0,14.0,19.0,29.0,17.0,20.0,23.0,15.0,23.0,15.0,25.0,19.0,14.0,14.0,21.0,21.0,20.0,18.0,13.0,14.0
80.4166666666667,2.0,5.0,3.0,2.0,1.0,5.0,5.0,4.0,2.0,6.0,3.0,2.0,3.0,2.0,2.0,1.0,4.0,4.0,4.0,3.0,3.0,4.0,5.0,1.0,4.0,3.0,3.0,4.0,0.0,0.0,3.0,5.0,2.0,5.0,1.0,0.0,5.0,4.0,5.0,5.0,6.0,3.0,2.0,5.0,3.0,3.0,3.0,5.0,1.0,4.0,4.0,0.0,0.0,3.0,5.0,5.0,2.0,1.0,3.0,79.9,9,7,5,4,8,11,4,6,5,7,7,4,7,8,9,7,6,11,9,9,9,2,11,7,6,12,4,6,7,8,6,5,3,11,5,7,7,7,8,20,5,6,11,7,7,9,13,3,3,10,9,3,9,11,7,6,5,12,6,11,80,17.0,15.0,22.0,17.0,15.0,15.0,16.0,15.0,21.0,19.0,13.0,15.0,18.0,22.0,18.0,14.0,18.0,12.0,21.0,15.0,23.0,14.0,12.0,14.0,23.0,20.0,18.0,17.0,12.0,20.0,21.0,14.0,19.0,17.0,12.0,17.0,9.0,23.0,18.0,18.0,13.0,20.0,29.0,20.0,19.0,25.0,16.0,22.0,17.0,23.0,18.0,15.0,14.0,25.0,19.0,22.0,18.0,15.0,17.0
84.4166666666667,2.0,6.0,3.0,2.0,4.0,4.0,3.0,5.0,2.0,6.0,3.0,2.0,2.0,2.0,2.0,1.0,4.0,3.0,4.0,4.0,4.0,4.0,5.0,1.0,3.0,3.0,5.0,4.0,0.0,4.0,6.0,6.0,2.0,5.0,1.0,0.0,6.0,6.0,2.0,5.0,5.0,3.0,2.0,5.0,3.0,3.0,4.0,5.0,1.0,4.0,2.0,0.0,0.0,3.0,5.0,3.0,2.0,1.0,4.0,83.9,9,7,5,3,9,10,4,5,6,9,9,5,6,9,8,7,6,9,11,10,9,2,12,7,5,13,3,7,8,8,5,5,2,9,5,8,7,7,7,20,6,7,12,7,9,11,14,4,3,10,10,2,9,11,8,8,8,12,7,11,84,18.0,15.0,20.0,16.0,14.0,12.0,16.0,15.0,18.0,21.0,14.0,12.0,18.0,22.0,17.0,14.0,17.0,11.0,22.0,16.0,23.0,16.0,14.0,14.0,20.0,20.0,18.0,17.0,14.0,20.0,22.0,20.0,20.0,18.0,12.0,17.0,8.0,25.0,19.0,18.0,15.0,21.0,29.0,18.0,20.0,27.0,16.0,25.0,19.0,25.0,19.0,15.0,14.0,25.0,19.0,23.0,17.0,16.0,21.0
88.4166666666667,2.0,6.0,3.0,2.0,4.0,5.0,4.0,4.0,2.0,6.0,3.0,2.0,3.0,2.0,2.0,1.0,4.0,3.0,4.0,3.0,4.0,5.0,6.0,1.0,4.0,3.0,6.0,5.0,1.0,2.0,2.0,7.0,3.0,5.0,3.0,1.0,5.0,5.0,3.0,5.0,4.0,3.0,2.0,7.0,3.0,3.0,2.0,5.0,3.0,3.0,2.0,0.0,0.0,2.0,5.0,4.0,2.0,1.0,3.0,87.9,8,7,4,4,9,9,4,7,7,9,9,6,7,9,9,7,7,13,12,9,9,2,13,7,7,10,2,7,8,9,4,5,2,11,5,9,8,7,8,20,7,6,11,7,10,11,11,5,3,10,8,2,10,10,6,8,5,12,8,11,88,19.0,14.0,23.0,19.0,18.0,31.0,15.0,16.0,23.0,18.0,14.0,14.0,18.0,22.0,21.0,16.0,17.0,8.0,24.0,17.0,22.0,20.0,13.0,15.0,21.0,20.0,21.0,19.0,13.0,21.0,22.0,7.0,20.0,16.0,13.0,18.0,8.0,29.0,21.0,17.0,14.0,23.0,27.0,18.0,21.0,24.0,17.0,25.0,17.0,22.0,20.0,15.0,13.0,24.0,22.0,24.0,20.0,18.0,20.0
92.4166666666667,2.0,4.0,3.0,4.0,4.0,7.0,3.0,4.0,2.0,6.0,3.0,3.0,3.0,2.0,2.0,1.0,3.0,2.0,4.0,3.0,4.0,5.0,6.0,1.0,4.0,3.0,5.0,4.0,1.0,3.0,2.0,5.0,3.0,5.0,4.0,1.0,5.0,6.0,5.0,5.0,4.0,3.0,2.0,7.0,3.0,3.0,3.0,5.0,2.0,4.0,3.0,2.0,0.0,2.0,5.0,5.0,2.0,2.0,3.0,91.9,8,12,5,4,9,13,4,8,8,8,9,5,7,9,8,8,6,14,12,11,9,2,17,8,9,12,2,8,8,11,4,5,2,13,5,9,8,7,9,20,8,10,13,7,11,11,13,6,4,10,11,2,10,10,7,6,6,12,7,12,92,19.0,12.0,23.0,18.0,17.0,14.0,14.0,17.0,24.0,21.0,14.0,13.0,19.0,26.0,20.0,16.0,17.0,9.0,26.0,16.0,23.0,22.0,13.0,15.0,24.0,22.0,21.0,17.0,13.0,22.0,21.0,24.0,19.0,19.0,13.0,17.0,8.0,27.0,21.0,19.0,13.0,22.0,27.0,23.0,19.0,24.0,17.0,22.0,20.0,24.0,21.0,19.0,15.0,26.0,20.0,25.0,21.0,17.0,21.0
96.4166666666667,3.0,4.0,3.0,3.0,4.0,5.0,3.0,4.0,2.0,6.0,2.0,3.0,3.0,2.0,2.0,1.0,3.0,4.0,3.0,4.0,5.0,5.0,6.0,1.0,4.0,3.0,6.0,6.0,1.0,0.0,7.0,6.0,3.0,5.0,1.0,1.0,4.0,6.0,1.0,5.0,3.0,3.0,2.0,7.0,4.0,4.0,3.0,5.0,2.0,4.0,2.0,0.0,0.0,3.0,6.0,5.0,1.0,0.0,3.0,95.9,9,9,6,3,9,12,5,7,10,9,9,6,8,9,9,9,7,14,12,11,11,2,15,9,6,11,3,8,8,11,4,5,3,13,5,11,7,7,10,22,7,10,13,6,13,10,13,4,3,11,11,2,9,11,9,7,7,12,7,12,96,18.0,14.0,25.0,21.0,14.0,35.0,18.0,17.0,27.0,20.0,11.0,12.0,24.0,23.0,21.0,16.0,18.0,13.0,27.0,17.0,22.0,23.0,15.0,15.0,25.0,20.0,17.0,17.0,16.0,22.0,22.0,26.0,25.0,17.0,16.0,19.0,10.0,28.0,23.0,20.0,12.0,26.0,29.0,20.0,23.0,29.0,19.0,26.0,19.0,26.0,21.0,19.0,16.0,27.0,22.0,26.0,19.0,17.0,21.0
100.416666666667,2.0,6.0,3.0,3.0,4.0,5.0,3.0,5.0,2.0,6.0,3.0,2.0,2.0,2.0,2.0,1.0,3.0,4.0,3.0,4.0,5.0,5.0,6.0,1.0,4.0,3.0,5.0,6.0,1.0,3.0,7.0,6.0,3.0,5.0,1.0,1.0,6.0,7.0,1.0,5.0,3.0,3.0,2.0,8.0,3.0,4.0,6.0,5.0,3.0,3.0,4.0,2.0,0.0,2.0,6.0,5.0,1.0,1.0,3.0,99.3833333333333,9,7,7,3,11,11,2,8,11,9,9,7,7,8,9,10,7,14,12,11,13,2,18,9,7,13,2,8,8,11,4,6,4,13,5,11,5,5,9,20,7,10,15,6,13,11,13,5,4,10,14,2,10,10,9,8,6,13,9,12,100,19.0,14.0,26.0,20.0,15.0,41.0,19.0,18.0,28.0,22.0,13.0,13.0,24.0,23.0,21.0,18.0,21.0,14.0,30.0,17.0,22.0,22.0,13.0,14.0,24.0,20.0,22.0,19.0,20.0,21.0,27.0,19.0,23.0,18.0,15.0,18.0,11.0,27.0,23.0,23.0,17.0,24.0,30.0,22.0,19.0,29.0,20.0,30.0,20.0,27.0,16.0,19.0,16.0,29.0,25.0,27.0,23.0,19.0,20.0
104.416666666667,2.0,8.0,4.0,4.0,4.0,7.0,3.0,4.0,2.0,6.0,2.0,3.0,3.0,2.0,2.0,1.0,3.0,4.0,3.0,3.0,6.0,5.0,6.0,1.0,4.0,3.0,7.0,5.0,1.0,0.0,2.0,4.0,3.0,5.0,1.0,2.0,5.0,7.0,5.0,5.0,4.0,3.0,2.0,6.0,3.0,4.0,7.0,6.0,2.0,5.0,4.0,2.0,0.0,4.0,5.0,7.0,1.0,2.0,3.0,103.383333333333,10,7,6,4,10,13,6,8,9,10,9,7,8,10,8,10,5,14,11,11,10,2,17,10,8,14,3,7,8,11,5,6,4,12,5,12,7,6,11,23,7,11,13,6,13,11,14,4,4,10,11,3,10,12,8,5,7,13,9,12,104,22.0,12.0,23.0,24.0,16.0,22.0,18.0,17.0,25.0,22.0,14.0,17.0,24.0,23.0,25.0,18.0,21.0,15.0,32.0,17.0,26.0,22.0,14.0,13.0,27.0,20.0,24.0,20.0,20.0,23.0,30.0,13.0,21.0,18.0,16.0,19.0,14.0,29.0,24.0,22.0,17.0,22.0,31.0,20.0,20.0,32.0,21.0,31.0,22.0,28.0,19.0,21.0,16.0,29.0,24.0,27.0,20.0,18.0,22.0
108.416666666667,2.0,8.0,3.0,3.0,4.0,6.0,4.0,4.0,3.0,7.0,4.0,2.0,3.0,2.0,2.0,1.0,5.0,5.0,3.0,3.0,5.0,5.0,6.0,1.0,4.0,2.0,5.0,5.0,1.0,3.0,2.0,6.0,3.0,5.0,1.0,2.0,6.0,7.0,4.0,5.0,3.0,3.0,2.0,6.0,3.0,3.0,8.0,6.0,2.0,5.0,5.0,1.0,0.0,4.0,7.0,6.0,1.0,0.0,4.0,107.383333333333,10,7,7,4,10,13,7,9,10,11,9,7,9,11,11,10,8,15,10,10,12,2,19,10,7,12,3,7,8,11,6,6,4,14,5,11,8,6,11,21,7,11,15,7,13,13,12,5,5,10,11,3,11,13,9,7,7,14,7,12,108,20.0,11.0,27.0,25.0,16.0,12.0,20.0,17.0,29.0,24.0,17.0,16.0,22.0,23.0,26.0,19.0,17.0,16.0,33.0,18.0,28.0,22.0,13.0,14.0,24.0,20.0,25.0,20.0,18.0,27.0,29.0,11.0,22.0,19.0,20.0,21.0,14.0,30.0,21.0,22.0,18.0,24.0,33.0,22.0,22.0,28.0,21.0,33.0,24.0,29.0,21.0,19.0,18.0,29.0,25.0,28.0,23.0,19.0,21.0
112.416666666667,2.0,8.0,3.0,3.0,2.0,7.0,4.0,4.0,3.0,7.0,2.0,3.0,3.0,2.0,2.0,1.0,5.0,5.0,3.0,3.0,4.0,5.0,6.0,1.0,5.0,2.0,7.0,5.0,0.0,3.0,7.0,6.0,2.0,5.0,1.0,0.0,5.0,7.0,7.0,5.0,3.0,3.0,2.0,6.0,3.0,3.0,7.0,7.0,2.0,5.0,5.0,0.0,0.0,4.0,6.0,7.0,1.0,2.0,4.0,111.383333333333,9,7,7,4,12,10,7,9,11,11,9,7,9,11,11,9,9,17,12,11,11,2,18,10,11,14,3,8,8,12,5,6,4,15,6,12,8,6,10,22,7,12,17,8,13,13,14,6,6,10,13,4,11,12,9,7,7,15,8,13,112,25.0,15.0,28.0,23.0,19.0,13.0,18.0,17.0,26.0,23.0,16.0,17.0,25.0,25.0,28.0,20.0,20.0,13.0,35.0,17.0,30.0,23.0,14.0,17.0,25.0,20.0,25.0,19.0,19.0,24.0,26.0,32.0,23.0,18.0,20.0,21.0,13.0,28.0,24.0,22.0,18.0,24.0,34.0,22.0,21.0,32.0,23.0,35.0,22.0,34.0,20.0,19.0,17.0,30.0,28.0,29.0,25.0,19.0,23.0
116.416666666667,2.0,8.0,3.0,3.0,5.0,8.0,4.0,4.0,2.0,5.0,2.0,2.0,2.0,2.0,2.0,1.0,5.0,5.0,3.0,3.0,6.0,5.0,6.0,1.0,6.0,4.0,7.0,5.0,1.0,3.0,2.0,6.0,2.0,5.0,1.0,0.0,5.0,7.0,4.0,4.0,3.0,3.0,2.0,6.0,3.0,3.0,7.0,6.0,2.0,5.0,4.0,0.0,0.0,4.0,7.0,7.0,1.0,1.0,4.0,115.383333333333,10,9,8,4,12,11,7,11,13,15,9,7,8,11,9,9,8,18,12,12,12,2,19,11,5,15,2,8,8,14,6,6,4,16,6,11,10,5,13,25,7,12,17,7,12,13,15,4,6,10,14,3,10,12,7,9,8,15,10,13,116,24.0,17.0,28.0,25.0,17.0,22.0,16.0,16.0,26.0,25.0,17.0,18.0,24.0,26.0,25.0,22.0,22.0,12.0,35.0,19.0,29.0,23.0,14.0,19.0,29.0,21.0,25.0,19.0,21.0,26.0,30.0,15.0,29.0,18.0,19.0,25.0,14.0,29.0,24.0,22.0,21.0,26.0,32.0,22.0,24.0,34.0,25.0,35.0,24.0,31.0,23.0,20.0,18.0,31.0,31.0,30.0,24.0,19.0,22.0
120.416666666667,3.0,8.0,3.0,4.0,6.0,8.0,5.0,4.0,2.0,7.0,3.0,3.0,3.0,2.0,2.0,1.0,7.0,5.0,3.0,3.0,6.0,4.0,7.0,1.0,6.0,4.0,5.0,5.0,1.0,0.0,3.0,3.0,2.0,7.0,1.0,0.0,5.0,8.0,4.0,6.0,3.0,4.0,2.0,7.0,3.0,4.0,8.0,7.0,2.0,5.0,4.0,0.0,1.0,3.0,7.0,7.0,2.0,1.0,5.0,119.383333333333,8,9,7,4,11,14,7,10,13,17,11,8,10,14,11,11,7,18,11,14,12,2,19,13,7,14,2,7,8,14,5,6,3,16,6,13,11,6,13,24,6,13,18,8,12,13,15,4,5,10,15,3,11,12,8,8,8,16,10,12,120,26.0,19.0,33.0,26.0,17.0,9.0,16.0,18.0,28.0,24.0,19.0,19.0,27.0,29.0,23.0,23.0,23.0,13.0,34.0,20.0,33.0,23.0,16.0,19.0,28.0,20.0,26.0,20.0,21.0,27.0,33.0,18.0,7.0,20.0,22.0,22.0,14.0,28.0,24.0,22.0,19.0,25.0,34.0,22.0,28.0,37.0,26.0,36.0,24.0,30.0,23.0,20.0,17.0,31.0,31.0,30.0,23.0,21.0,21.0
124.416666666667,2.0,9.0,3.0,4.0,6.0,8.0,6.0,5.0,2.0,9.0,2.0,3.0,2.0,2.0,2.0,1.0,8.0,5.0,4.0,3.0,5.0,4.0,8.0,1.0,5.0,4.0,6.0,8.0,1.0,4.0,2.0,8.0,2.0,8.0,4.0,1.0,4.0,7.0,4.0,4.0,5.0,4.0,2.0,7.0,4.0,4.0,7.0,6.0,2.0,7.0,4.0,3.0,1.0,3.0,7.0,7.0,2.0,4.0,4.0,123.383333333333,10,10,7,5,12,14,8,10,14,15,10,7,11,13,12,12,8,18,8,15,14,2,18,13,11,13,2,8,7,13,6,7,3,12,5,13,7,4,13,23,6,13,17,8,12,13,14,3,6,10,13,3,10,12,9,8,8,16,10,13,124,27.0,19.0,34.0,28.0,18.0,12.0,18.0,18.0,27.0,25.0,21.0,20.0,27.0,29.0,26.0,22.0,27.0,11.0,35.0,22.0,33.0,25.0,15.0,19.0,29.0,20.0,23.0,25.0,21.0,27.0,36.0,37.0,31.0,20.0,18.0,23.0,13.0,32.0,24.0,24.0,22.0,27.0,35.0,28.0,29.0,37.0,26.0,37.0,26.0,31.0,25.0,22.0,19.0,37.0,32.0,33.0,21.0,26.0,20.0
128.416666666667,4.0,9.0,3.0,4.0,4.0,9.0,5.0,5.0,4.0,6.0,2.0,2.0,3.0,2.0,2.0,1.0,8.0,5.0,5.0,2.0,5.0,5.0,7.0,1.0,7.0,3.0,6.0,8.0,1.0,0.0,8.0,6.0,2.0,9.0,1.0,0.0,4.0,8.0,4.0,5.0,5.0,4.0,2.0,6.0,3.0,3.0,7.0,6.0,2.0,6.0,5.0,0.0,2.0,5.0,6.0,7.0,2.0,1.0,5.0,127.383333333333,11,9,7,5,13,15,8,9,14,16,10,8,11,14,12,12,8,15,10,15,15,2,18,13,13,14,4,7,9,12,6,6,3,13,6,13,9,5,13,28,7,13,17,8,12,13,17,3,6,12,14,3,12,13,7,9,10,18,10,12,128,26.0,18.0,8.0,26.0,22.0,24.0,21.0,20.0,27.0,27.0,21.0,21.0,28.0,27.0,26.0,23.0,29.0,15.0,36.0,21.0,36.0,25.0,13.0,18.0,29.0,26.0,27.0,24.0,21.0,28.0,35.0,16.0,35.0,23.0,19.0,22.0,14.0,35.0,25.0,22.0,20.0,30.0,35.0,29.0,27.0,35.0,25.0,40.0,24.0,35.0,27.0,24.0,19.0,36.0,31.0,31.0,23.0,27.0,24.0
132.416666666667,2.0,9.0,3.0,4.0,6.0,8.0,6.0,5.0,4.0,7.0,3.0,2.0,2.0,4.0,2.0,2.0,7.0,5.0,5.0,3.0,5.0,5.0,7.0,1.0,5.0,3.0,7.0,6.0,1.0,4.0,2.0,7.0,1.0,9.0,4.0,1.0,2.0,8.0,4.0,5.0,8.0,4.0,3.0,6.0,3.0,3.0,6.0,7.0,2.0,5.0,5.0,0.0,1.0,4.0,6.0,6.0,2.0,0.0,4.0,131.383333333333,10,8,7,4,14,12,9,13,16,16,8,8,11,13,11,11,8,14,14,15,14,2,17,13,13,13,3,11,9,14,5,7,3,15,6,13,11,5,12,30,6,13,18,9,12,14,18,3,6,12,16,3,13,13,7,9,10,17,11,13,132,24.0,20.0,32.0,27.0,21.0,22.0,22.0,20.0,28.0,26.0,22.0,24.0,27.0,34.0,28.0,24.0,27.0,18.0,36.0,23.0,35.0,25.0,16.0,16.0,32.0,27.0,28.0,22.0,20.0,29.0,34.0,37.0,31.0,23.0,20.0,20.0,14.0,32.0,23.0,23.0,21.0,34.0,38.0,24.0,25.0,36.0,25.0,42.0,25.0,34.0,29.0,24.0,23.0,38.0,29.0,33.0,25.0,27.0,26.0
136.416666666667,2.0,9.0,2.0,5.0,8.0,9.0,5.0,4.0,2.0,7.0,2.0,3.0,3.0,5.0,3.0,2.0,8.0,5.0,5.0,3.0,5.0,5.0,9.0,1.0,5.0,3.0,7.0,9.0,1.0,0.0,8.0,9.0,1.0,8.0,3.0,3.0,6.0,9.0,4.0,6.0,8.0,4.0,3.0,8.0,4.0,4.0,6.0,8.0,1.0,5.0,6.0,0.0,1.0,4.0,7.0,6.0,2.0,3.0,4.0,135.383333333333,9,10,8,4,14,13,9,14,14,18,9,8,11,13,11,11,8,16,15,15,12,2,19,13,9,14,3,10,10,14,5,5,4,14,5,13,9,7,14,36,8,13,22,8,12,14,18,3,5,12,17,4,14,13,8,9,10,18,11,13,136,25.0,21.0,34.0,27.0,20.0,13.0,19.0,21.0,29.0,29.0,22.0,25.0,30.0,34.0,31.0,24.0,28.0,18.0,36.0,22.0,35.0,26.0,14.0,20.0,31.0,28.0,27.0,24.0,22.0,31.0,39.0,36.0,35.0,25.0,19.0,23.0,13.0,40.0,26.0,23.0,19.0,35.0,40.0,28.0,29.0,37.0,28.0,39.0,25.0,34.0,33.0,22.0,22.0,38.0,31.0,34.0,27.0,26.0,26.0
140.416666666667,4.0,9.0,2.0,5.0,8.0,8.0,7.0,4.0,4.0,11.0,3.0,6.0,2.0,5.0,4.0,2.0,8.0,6.0,5.0,3.0,6.0,5.0,11.0,1.0,6.0,3.0,8.0,7.0,2.0,0.0,3.0,3.0,2.0,8.0,6.0,0.0,4.0,8.0,1.0,4.0,6.0,4.0,2.0,8.0,3.0,2.0,5.0,8.0,3.0,5.0,6.0,4.0,1.0,6.0,7.0,6.0,2.0,2.0,4.0,139.383333333333,14,10,7,4,16,12,8,12,16,18,12,8,11,14,12,12,8,16,14,14,12,2,18,13,14,18,3,11,11,14,7,8,4,13,5,13,9,8,14,33,8,13,23,9,12,14,19,3,5,14,16,5,13,12,9,10,8,19,10,14,140,25.0,20.0,37.0,27.0,23.0,31.0,21.0,22.0,30.0,28.0,23.0,23.0,29.0,36.0,30.0,26.0,29.0,18.0,42.0,23.0,36.0,26.0,16.0,20.0,34.0,30.0,11.0,24.0,21.0,30.0,35.0,38.0,38.0,25.0,20.0,25.0,14.0,41.0,26.0,27.0,21.0,35.0,41.0,23.0,33.0,39.0,27.0,44.0,27.0,39.0,33.0,26.0,22.0,34.0,36.0,34.0,25.0,29.0,24.0
144.416666666667,3.0,10.0,4.0,5.0,8.0,7.0,7.0,4.0,4.0,9.0,2.0,3.0,2.0,5.0,2.0,2.0,8.0,5.0,7.0,3.0,7.0,5.0,11.0,2.0,8.0,2.0,5.0,8.0,2.0,6.0,9.0,8.0,0.0,10.0,2.0,1.0,6.0,10.0,3.0,6.0,7.0,4.0,3.0,7.0,4.0,3.0,8.0,9.0,1.0,4.0,5.0,0.0,1.0,5.0,8.0,6.0,3.0,1.0,5.0,143.383333333333,13,8,8,3,17,15,4,16,17,20,13,10,11,15,12,13,8,14,18,17,11,2,20,14,12,21,7,5,10,17,7,10,8,11,4,13,6,6,15,30,8,15,23,15,14,12,22,3,7,17,20,5,15,14,7,12,11,20,12,18,144,29.0,19.0,39.0,29.0,23.0,27.0,23.0,22.0,33.0,29.0,24.0,28.0,26.0,41.0,28.0,26.0,28.0,20.0,44.0,22.0,39.0,24.0,15.0,20.0,37.0,34.0,29.0,23.0,22.0,33.0,35.0,20.0,39.0,26.0,23.0,27.0,13.0,41.0,27.0,27.0,20.0,38.0,41.0,24.0,34.0,39.0,28.0,49.0,27.0,35.0,37.0,26.0,23.0,39.0,34.0,37.0,24.0,30.0,24.0
148.416666666667,7.0,10.0,5.0,6.0,8.0,8.0,7.0,4.0,4.0,11.0,2.0,2.0,2.0,3.0,2.0,2.0,7.0,6.0,5.0,3.0,7.0,6.0,11.0,1.0,7.0,3.0,7.0,7.0,1.0,0.0,3.0,7.0,0.0,9.0,2.0,1.0,5.0,11.0,3.0,7.0,8.0,4.0,3.0,8.0,5.0,5.0,9.0,9.0,1.0,4.0,6.0,0.0,1.0,7.0,10.0,6.0,2.0,1.0,4.0,147.383333333333,14,10,7,3,17,20,7,16,15,19,16,12,12,13,11,12,11,17,22,21,13,3,23,13,15,21,6,9,8,18,5,11,8,15,6,14,10,6,20,40,8,16,24,15,14,16,22,3,7,16,22,4,17,12,9,11,9,19,12,16,148,32.0,20.0,39.0,28.0,24.0,26.0,26.0,20.0,33.0,29.0,24.0,25.0,29.0,37.0,29.0,31.0,30.0,19.0,40.0,24.0,38.0,24.0,19.0,19.0,37.0,29.0,32.0,24.0,20.0,33.0,36.0,40.0,37.0,24.0,24.0,27.0,16.0,41.0,26.0,26.0,22.0,36.0,42.0,26.0,33.0,42.0,27.0,48.0,26.0,35.0,33.0,26.0,21.0,39.0,34.0,36.0,23.0,29.0,30.0
152.416666666667,7.0,9.0,7.0,3.0,8.0,10.0,7.0,4.0,4.0,12.0,2.0,5.0,2.0,5.0,2.0,2.0,7.0,4.0,5.0,3.0,7.0,5.0,11.0,2.0,8.0,3.0,9.0,5.0,1.0,6.0,11.0,7.0,0.0,10.0,5.0,1.0,9.0,10.0,4.0,7.0,8.0,4.0,3.0,8.0,5.0,7.0,9.0,9.0,3.0,4.0,3.0,4.0,1.0,7.0,9.0,7.0,2.0,0.0,4.0,151.383333333333,17,12,7,5,16,16,5,19,18,19,16,12,12,13,11,12,10,18,21,19,11,3,24,14,13,21,7,9,9,20,6,11,8,16,5,13,11,8,17,33,9,19,22,16,14,14,21,4,8,17,23,4,17,14,12,11,10,19,12,17,152,28.0,21.0,40.0,33.0,25.0,19.0,25.0,19.0,34.0,32.0,23.0,26.0,28.0,38.0,28.0,33.0,29.0,22.0,43.0,26.0,42.0,22.0,20.0,21.0,36.0,33.0,32.0,22.0,22.0,32.0,41.0,39.0,39.0,27.0,25.0,25.0,15.0,41.0,25.0,26.0,21.0,35.0,47.0,29.0,37.0,46.0,28.0,52.0,34.0,40.0,37.0,26.0,22.0,40.0,35.0,44.0,27.0,28.0,33.0
156.416666666667,4.0,11.0,6.0,5.0,8.0,11.0,6.0,4.0,5.0,11.0,4.0,2.0,2.0,5.0,2.0,2.0,7.0,4.0,5.0,3.0,9.0,4.0,11.0,1.0,8.0,4.0,8.0,8.0,1.0,6.0,1.0,6.0,0.0,10.0,2.0,1.0,9.0,10.0,4.0,8.0,7.0,3.0,2.0,9.0,5.0,7.0,7.0,9.0,2.0,5.0,7.0,2.0,1.0,7.0,9.0,7.0,3.0,0.0,5.0,155.383333333333,15,12,8,5,20,20,2,17,18,21,17,11,12,17,12,13,10,20,20,20,11,3,24,15,14,22,5,10,13,19,9,11,7,16,5,15,10,8,18,34,8,22,24,14,16,15,26,5,7,14,23,7,16,16,11,11,10,20,12,18,156,30.0,17.0,41.0,33.0,30.0,31.0,28.0,23.0,32.0,33.0,25.0,28.0,28.0,41.0,36.0,30.0,28.0,22.0,45.0,25.0,40.0,28.0,21.0,20.0,34.0,35.0,21.0,23.0,26.0,35.0,48.0,37.0,37.0,27.0,21.0,23.0,17.0,42.0,25.0,30.0,23.0,40.0,43.0,28.0,36.0,45.0,29.0,56.0,34.0,35.0,34.0,26.0,23.0,46.0,36.0,41.0,27.0,29.0,33.0
160.416666666667,7.0,12.0,5.0,4.0,8.0,11.0,5.0,4.0,3.0,13.0,4.0,3.0,2.0,4.0,2.0,2.0,7.0,4.0,5.0,3.0,9.0,9.0,11.0,2.0,8.0,3.0,9.0,10.0,1.0,0.0,1.0,9.0,2.0,10.0,1.0,1.0,9.0,11.0,1.0,6.0,8.0,3.0,2.0,10.0,5.0,6.0,9.0,11.0,6.0,4.0,6.0,3.0,2.0,7.0,8.0,6.0,2.0,1.0,5.0,159.383333333333,16,13,7,6,17,18,4,16,20,20,18,11,10,17,14,14,10,22,19,22,13,3,25,14,12,22,4,10,12,20,10,11,8,16,6,15,14,7,18,33,8,21,26,13,16,16,25,4,4,16,24,5,16,19,13,11,12,17,12,17,160,31.0,22.0,46.0,35.0,30.0,29.0,29.0,24.0,33.0,32.0,26.0,28.0,33.0,43.0,41.0,32.0,29.0,20.0,47.0,23.0,40.0,31.0,19.0,21.0,38.0,36.0,36.0,24.0,29.0,29.0,45.0,37.0,40.0,26.0,24.0,26.0,17.0,41.0,26.0,33.0,27.0,43.0,41.0,27.0,36.0,54.0,29.0,59.0,36.0,43.0,37.0,26.0,20.0,43.0,37.0,40.0,28.0,30.0,32.0
164.416666666667,6.0,13.0,6.0,5.0,9.0,9.0,7.0,5.0,4.0,13.0,6.0,5.0,2.0,3.0,2.0,2.0,6.0,4.0,6.0,3.0,9.0,9.0,12.0,2.0,6.0,3.0,9.0,11.0,6.0,6.0,12.0,10.0,2.0,10.0,7.0,3.0,8.0,13.0,4.0,7.0,7.0,3.0,2.0,10.0,5.0,6.0,11.0,12.0,4.0,3.0,6.0,4.0,2.0,7.0,8.0,5.0,2.0,1.0,4.0,163.383333333333,17,13,9,8,19,20,4,16,19,17,16,11,14,21,14,15,10,20,21,17,13,2,22,19,14,23,4,11,12,20,11,9,7,14,6,15,11,8,20,35,9,21,26,14,17,18,25,4,3,17,21,5,18,18,13,11,14,17,12,17,164,34.0,20.0,46.0,34.0,32.0,30.0,31.0,25.0,35.0,32.0,29.0,33.0,32.0,42.0,40.0,35.0,28.0,21.0,47.0,26.0,42.0,33.0,22.0,22.0,37.0,33.0,37.0,26.0,28.0,32.0,50.0,41.0,39.0,27.0,29.0,26.0,14.0,40.0,27.0,37.0,25.0,42.0,41.0,27.0,34.0,51.0,26.0,58.0,36.0,44.0,38.0,26.0,28.0,48.0,35.0,46.0,32.0,31.0,33.0
166.866666666667,6.0,14.0,6.0,5.0,9.0,13.0,7.0,5.0,4.0,13.0,5.0,6.0,3.0,4.0,2.0,2.0,6.0,5.0,5.0,3.0,10.0,11.0,12.0,2.0,7.0,3.0,11.0,12.0,1.0,6.0,11.0,10.0,2.0,9.0,6.0,2.0,9.0,13.0,3.0,7.0,7.0,3.0,2.0,10.0,6.0,7.0,11.0,11.0,5.0,3.0,6.0,0.0,2.0,7.0,8.0,6.0,2.0,2.0,5.0,167.383333333333,14,13,8,9,22,22,3,20,21,23,16,9,16,22,14,16,10,20,20,20,16,2,26,19,12,21,6,10,12,20,11,12,7,12,5,17,11,10,17,35,10,20,26,17,16,16,26,4,7,18,25,5,18,19,12,12,14,18,12,19,168,35.0,21.0,47.0,36.0,34.0,17.0,30.0,24.0,36.0,34.0,27.0,31.0,31.0,45.0,40.0,35.0,37.0,24.0,52.0,31.0,45.0,33.0,22.0,20.0,44.0,35.0,34.0,29.0,32.0,30.0,43.0,41.0,43.0,33.0,29.0,29.0,16.0,41.0,28.0,35.0,28.0,46.0,45.0,28.0,37.0,55.0,28.0,64.0,37.0,41.0,37.0,26.0,25.0,46.0,37.0,46.0,30.0,35.0,41.0
170.866666666667,6.0,12.0,5.0,5.0,7.0,15.0,5.0,4.0,2.0,12.0,4.0,5.0,3.0,4.0,2.0,2.0,6.0,4.0,4.0,4.0,10.0,9.0,12.0,2.0,8.0,3.0,9.0,13.0,1.0,6.0,12.0,6.0,2.0,12.0,3.0,0.0,8.0,12.0,4.0,6.0,6.0,4.0,3.0,10.0,7.0,8.0,12.0,12.0,6.0,2.0,6.0,0.0,2.0,6.0,10.0,8.0,3.0,1.0,4.0,171.383333333333,14,13,8,9,22,21,3,15,21,21,17,11,16,21,15,16,9,21,20,26,17,2,25,18,14,22,5,10,13,20,10,11,6,14,5,15,13,10,18,35,9,19,28,17,17,19,28,5,7,19,22,5,17,19,12,11,13,18,11,18,172,41.0,27.0,10.0,35.0,35.0,36.0,29.0,26.0,37.0,33.0,29.0,31.0,32.0,48.0,43.0,38.0,38.0,23.0,57.0,28.0,44.0,32.0,21.0,23.0,34.0,29.0,39.0,30.0,28.0,31.0,49.0,43.0,49.0,33.0,30.0,30.0,17.0,41.0,30.0,38.0,28.0,47.0,49.0,31.0,35.0,53.0,33.0,66.0,34.0,44.0,39.0,29.0,25.0,52.0,43.0,44.0,32.0,33.0,43.0
174.866666666667,7.0,11.0,5.0,4.0,5.0,15.0,5.0,4.0,5.0,13.0,2.0,4.0,2.0,5.0,2.0,2.0,5.0,4.0,5.0,5.0,12.0,11.0,12.0,1.0,9.0,3.0,11.0,12.0,1.0,0.0,14.0,7.0,2.0,11.0,0.0,1.0,7.0,13.0,4.0,6.0,8.0,4.0,3.0,9.0,7.0,7.0,12.0,11.0,6.0,3.0,7.0,0.0,2.0,8.0,9.0,9.0,3.0,1.0,4.0,175.383333333333,15,14,8,8,21,19,5,17,22,23,17,13,16,21,16,16,9,24,21,28,17,2,28,19,12,25,6,12,14,18,10,10,7,13,5,19,13,8,20,37,10,17,30,16,18,19,26,4,10,18,21,5,17,20,11,11,13,22,12,17,176,38.0,26.0,60.0,38.0,38.0,37.0,35.0,29.0,38.0,41.0,35.0,35.0,37.0,59.0,54.0,46.0,40.0,33.0,72.0,37.0,50.0,40.0,26.0,24.0,53.0,36.0,40.0,38.0,32.0,48.0,52.0,47.0,52.0,39.0,39.0,37.0,25.0,49.0,34.0,36.0,34.0,53.0,45.0,42.0,37.0,67.0,44.0,64.0,43.0,53.0,50.0,35.0,38.0,63.0,49.0,55.0,35.0,42.0,51.0
178.866666666667,4.0,13.0,6.0,3.0,8.0,14.0,7.0,4.0,4.0,15.0,3.0,4.0,2.0,4.0,2.0,2.0,6.0,4.0,6.0,3.0,12.0,11.0,13.0,1.0,10.0,3.0,9.0,14.0,1.0,0.0,14.0,9.0,2.0,12.0,1.0,0.0,8.0,13.0,4.0,6.0,8.0,3.0,3.0,10.0,6.0,7.0,12.0,12.0,4.0,2.0,6.0,5.0,3.0,9.0,9.0,9.0,2.0,1.0,5.0,179.383333333333,17,15,7,10,24,22,5,19,22,24,17,11,16,18,17,17,12,23,24,30,16,3,28,19,13,25,6,10,14,19,10,10,8,20,5,16,12,7,19,38,10,21,27,16,19,20,29,4,10,20,21,4,18,18,14,12,14,20,13,17,180,48.0,21.0,63.0,41.0,42.0,39.0,38.0,27.0,40.0,42.0,36.0,38.0,33.0,64.0,54.0,49.0,38.0,29.0,69.0,34.0,59.0,43.0,27.0,25.0,44.0,42.0,41.0,41.0,31.0,49.0,50.0,52.0,54.0,40.0,39.0,40.0,16.0,52.0,31.0,36.0,34.0,54.0,57.0,42.0,39.0,67.0,47.0,80.0,43.0,49.0,48.0,30.0,48.0,59.0,49.0,53.0,36.0,42.0,48.0
182.866666666667,3.0,11.0,5.0,1.0,9.0,16.0,7.0,6.0,5.0,13.0,3.0,3.0,2.0,5.0,2.0,2.0,7.0,4.0,8.0,4.0,10.0,7.0,13.0,1.0,9.0,3.0,9.0,14.0,2.0,6.0,15.0,6.0,2.0,15.0,1.0,1.0,10.0,13.0,4.0,8.0,8.0,4.0,2.0,10.0,5.0,6.0,12.0,13.0,4.0,2.0,6.0,7.0,2.0,9.0,7.0,8.0,3.0,1.0,5.0,183.383333333333,17,17,6,9,29,22,6,17,25,23,17,12,17,22,16,16,12,24,27,31,17,3,32,19,14,22,3,10,14,20,10,13,8,21,6,21,17,7,21,47,10,23,28,17,19,20,28,4,9,21,28,6,18,19,13,10,17,24,12,19,184,50.0,23.0,67.0,42.0,45.0,41.0,38.0,32.0,43.0,47.0,41.0,41.0,33.0,67.0,53.0,46.0,37.0,32.0,72.0,35.0,59.0,46.0,27.0,25.0,49.0,44.0,42.0,42.0,31.0,50.0,48.0,51.0,53.0,40.0,42.0,37.0,15.0,52.0,31.0,38.0,34.0,53.0,59.0,43.0,38.0,62.0,49.0,79.0,44.0,56.0,51.0,30.0,46.0,61.0,54.0,58.0,35.0,48.0,52.0
186.866666666667,5.0,13.0,5.0,1.0,1.0,18.0,10.0,5.0,2.0,8.0,4.0,2.0,2.0,5.0,1.0,2.0,6.0,3.0,8.0,3.0,12.0,13.0,14.0,1.0,12.0,2.0,10.0,8.0,4.0,6.0,4.0,7.0,24.0,15.0,4.0,1.0,9.0,11.0,1.0,8.0,8.0,6.0,2.0,11.0,4.0,6.0,11.0,13.0,6.0,4.0,7.0,7.0,2.0,15.0,10.0,9.0,3.0,5.0,5.0,187.383333333333,16,19,7,9,28,20,8,20,25,24,17,15,17,22,17,18,13,24,28,31,17,3,34,18,16,22,4,10,14,22,7,13,9,23,8,22,14,9,22,48,13,23,32,19,18,21,28,4,9,21,31,7,23,19,13,14,22,24,11,19,188,51.0,25.0,67.0,47.0,46.0,47.0,44.0,30.0,43.0,47.0,37.0,42.0,35.0,72.0,55.0,49.0,38.0,31.0,71.0,36.0,63.0,43.0,27.0,26.0,52.0,49.0,42.0,43.0,32.0,51.0,55.0,52.0,53.0,38.0,41.0,40.0,15.0,57.0,29.0,37.0,36.0,55.0,58.0,46.0,41.0,66.0,51.0,84.0,44.0,55.0,53.0,31.0,50.0,61.0,48.0,63.0,40.0,49.0,49.0
190.866666666667,8.0,12.0,5.0,1.0,16.0,19.0,10.0,4.0,4.0,8.0,4.0,2.0,2.0,4.0,1.0,2.0,7.0,3.0,6.0,3.0,12.0,12.0,16.0,1.0,11.0,2.0,10.0,8.0,4.0,7.0,15.0,9.0,31.0,16.0,8.0,3.0,11.0,16.0,2.0,7.0,8.0,5.0,2.0,11.0,5.0,8.0,13.0,13.0,4.0,5.0,9.0,8.0,2.0,12.0,14.0,8.0,3.0,5.0,5.0,191.383333333333,18,19,7,11,28,20,6,24,27,24,17,13,16,22,16,21,13,26,31,31,16,3,38,20,13,25,2,10,16,21,9,13,7,19,7,23,15,7,25,42,11,23,35,18,18,17,25,5,9,21,30,7,23,21,11,15,21,24,15,23,192,51.0,25.0,68.0,45.0,49.0,50.0,41.0,31.0,42.0,47.0,38.0,44.0,41.0,75.0,54.0,54.0,43.0,33.0,77.0,33.0,60.0,47.0,28.0,26.0,51.0,49.0,47.0,41.0,28.0,50.0,52.0,58.0,60.0,40.0,40.0,37.0,16.0,53.0,34.0,37.0,32.0,57.0,62.0,46.0,40.0,68.0,47.0,92.0,46.0,59.0,55.0,27.0,49.0,60.0,53.0,64.0,40.0,52.0,52.0
194.866666666667,6.0,14.0,5.0,1.0,16.0,19.0,10.0,6.0,5.0,9.0,5.0,2.0,2.0,4.0,1.0,2.0,10.0,3.0,7.0,2.0,12.0,12.0,15.0,2.0,13.0,2.0,10.0,8.0,4.0,6.0,16.0,10.0,25.0,17.0,6.0,3.0,9.0,18.0,1.0,7.0,9.0,5.0,2.0,11.0,3.0,8.0,14.0,12.0,4.0,4.0,7.0,8.0,2.0,15.0,18.0,8.0,3.0,5.0,7.0,195.383333333333,21,19,8,11,28,26,7,23,28,25,18,14,16,23,15,19,14,27,32,30,18,3,38,16,14,23,2,12,12,24,10,14,8,18,6,24,17,9,25,45,10,24,38,19,19,22,27,4,9,22,32,5,23,20,13,14,20,25,13,26,196,51.0,25.0,72.0,46.0,45.0,46.0,45.0,34.0,44.0,51.0,37.0,44.0,41.0,78.0,55.0,56.0,44.0,33.0,75.0,34.0,63.0,50.0,32.0,27.0,62.0,47.0,47.0,40.0,29.0,54.0,54.0,58.0,55.0,42.0,38.0,43.0,15.0,53.0,32.0,41.0,30.0,55.0,66.0,49.0,43.0,71.0,49.0,91.0,45.0,59.0,57.0,28.0,55.0,65.0,58.0,66.0,40.0,52.0,53.0
198.866666666667,4.0,13.0,5.0,1.0,2.0,21.0,10.0,6.0,5.0,9.0,4.0,2.0,2.0,4.0,1.0,5.0,11.0,3.0,7.0,3.0,13.0,12.0,16.0,1.0,13.0,2.0,11.0,10.0,2.0,2.0,17.0,10.0,26.0,17.0,3.0,3.0,12.0,18.0,2.0,10.0,9.0,7.0,2.0,11.0,3.0,8.0,10.0,14.0,6.0,4.0,7.0,8.0,2.0,10.0,16.0,8.0,2.0,5.0,5.0,199.383333333333,18,19,10,10,30,30,6,26,33,25,20,13,18,24,16,20,15,29,31,34,18,5,40,20,13,28,3,12,15,23,12,12,11,22,5,25,16,8,26,48,13,24,35,19,20,21,30,5,9,25,34,4,24,21,14,14,23,26,13,25,200,55.0,24.0,75.0,48.0,49.0,48.0,47.0,36.0,43.0,51.0,39.0,48.0,40.0,75.0,60.0,57.0,44.0,34.0,75.0,36.0,64.0,48.0,32.0,26.0,61.0,47.0,47.0,43.0,33.0,54.0,51.0,60.0,64.0,43.0,36.0,42.0,16.0,61.0,33.0,40.0,30.0,55.0,63.0,48.0,43.0,74.0,52.0,95.0,44.0,56.0,56.0,30.0,54.0,68.0,58.0,67.0,44.0,56.0,55.0
202.866666666667,6.0,12.0,7.0,2.0,17.0,22.0,10.0,4.0,3.0,9.0,4.0,2.0,3.0,4.0,2.0,4.0,11.0,2.0,7.0,4.0,11.0,11.0,16.0,1.0,11.0,3.0,10.0,10.0,4.0,2.0,18.0,9.0,20.0,17.0,5.0,3.0,12.0,17.0,1.0,9.0,10.0,6.0,2.0,12.0,5.0,8.0,15.0,14.0,6.0,6.0,8.0,6.0,1.0,12.0,15.0,7.0,3.0,5.0,4.0,203.383333333333,12,21,8,6,31,30,7,29,26,28,21,13,16,25,19,21,15,31,30,34,18,2,37,19,12,25,2,15,16,22,14,14,9,22,6,23,16,9,23,61,14,25,36,21,21,24,31,5,9,25,34,5,25,19,15,12,20,27,15,26,204,56.0,24.0,72.0,45.0,49.0,48.0,47.0,35.0,45.0,54.0,44.0,47.0,44.0,77.0,56.0,57.0,48.0,30.0,79.0,40.0,69.0,47.0,35.0,27.0,64.0,45.0,51.0,44.0,34.0,63.0,55.0,64.0,64.0,43.0,38.0,46.0,15.0,61.0,33.0,42.0,32.0,57.0,68.0,50.0,48.0,73.0,56.0,105.0,53.0,54.0,61.0,27.0,55.0,66.0,58.0,68.0,42.0,58.0,57.0
206.866666666667,5.0,11.0,5.0,7.0,20.0,21.0,9.0,7.0,2.0,9.0,3.0,2.0,2.0,4.0,4.0,4.0,13.0,2.0,8.0,2.0,13.0,10.0,16.0,2.0,12.0,1.0,12.0,10.0,4.0,7.0,20.0,9.0,31.0,16.0,2.0,3.0,12.0,17.0,4.0,11.0,9.0,6.0,3.0,15.0,5.0,8.0,16.0,16.0,7.0,10.0,6.0,6.0,1.0,13.0,17.0,9.0,2.0,5.0,4.0,207.383333333333,17,21,9,9,35,33,7,28,30,29,24,12,14,21,18,20,12,32,32,30,21,3,40,18,13,28,2,15,15,18,12,12,9,19,6,23,15,10,25,49,14,26,38,20,22,23,30,6,11,26,33,5,25,19,17,13,22,29,15,28,208,57.0,24.0,80.0,51.0,48.0,56.0,49.0,33.0,49.0,52.0,45.0,44.0,46.0,82.0,55.0,60.0,48.0,33.0,82.0,35.0,71.0,52.0,35.0,28.0,69.0,51.0,54.0,47.0,33.0,60.0,61.0,67.0,65.0,46.0,41.0,46.0,20.0,68.0,34.0,45.0,38.0,63.0,68.0,55.0,51.0,71.0,55.0,101.0,52.0,57.0,67.0,29.0,48.0,70.0,60.0,75.0,41.0,60.0,56.0
210.866666666667,6.0,16.0,7.0,6.0,20.0,20.0,10.0,9.0,3.0,9.0,6.0,2.0,3.0,3.0,3.0,4.0,12.0,2.0,7.0,3.0,12.0,10.0,16.0,1.0,14.0,1.0,14.0,12.0,6.0,8.0,22.0,13.0,20.0,16.0,7.0,3.0,13.0,19.0,1.0,11.0,10.0,7.0,2.0,16.0,6.0,9.0,16.0,14.0,7.0,7.0,9.0,10.0,1.0,16.0,18.0,9.0,2.0,5.0,4.0,211.383333333333,22,20,5,13,41,30,13,30,34,28,26,9,15,26,17,18,15,32,31,32,19,5,40,18,13,27,2,12,18,25,13,16,10,22,6,24,15,9,21,53,12,28,40,21,20,21,29,4,11,30,33,6,25,17,16,13,23,29,15,29,212,57.0,24.0,82.0,60.0,54.0,54.0,49.0,39.0,50.0,54.0,49.0,46.0,44.0,85.0,61.0,64.0,50.0,36.0,86.0,40.0,73.0,57.0,35.0,29.0,67.0,52.0,55.0,46.0,39.0,65.0,57.0,73.0,64.0,46.0,47.0,45.0,18.0,67.0,35.0,45.0,40.0,67.0,72.0,55.0,50.0,80.0,58.0,115.0,54.0,58.0,73.0,31.0,57.0,74.0,64.0,73.0,48.0,56.0,60.0
214.866666666667,7.0,14.0,8.0,7.0,21.0,21.0,11.0,8.0,3.0,9.0,4.0,2.0,3.0,3.0,3.0,4.0,14.0,3.0,7.0,3.0,11.0,11.0,17.0,3.0,14.0,1.0,13.0,12.0,2.0,7.0,21.0,14.0,20.0,17.0,5.0,3.0,14.0,20.0,1.0,10.0,8.0,7.0,2.0,16.0,4.0,9.0,16.0,16.0,8.0,9.0,10.0,10.0,1.0,15.0,19.0,8.0,2.0,5.0,5.0,215.383333333333,22,18,6,15,40,30,8,30,29,24,29,13,19,25,20,23,15,30,29,29,18,3,39,24,13,30,2,15,20,24,13,14,11,21,7,25,13,10,32,55,11,32,41,22,20,25,35,6,12,31,37,5,31,23,16,12,25,29,18,31,216,61.0,26.0,82.0,61.0,55.0,56.0,52.0,40.0,44.0,60.0,52.0,43.0,51.0,86.0,65.0,67.0,52.0,32.0,85.0,40.0,74.0,58.0,36.0,31.0,68.0,55.0,62.0,47.0,38.0,64.0,61.0,74.0,71.0,44.0,47.0,44.0,17.0,66.0,35.0,49.0,36.0,71.0,76.0,53.0,50.0,85.0,54.0,115.0,57.0,58.0,71.0,34.0,60.0,77.0,63.0,74.0,47.0,59.0,66.0
218.866666666667,9.0,14.0,8.0,8.0,2.0,23.0,10.0,8.0,6.0,9.0,4.0,3.0,3.0,3.0,3.0,5.0,14.0,2.0,9.0,4.0,10.0,10.0,19.0,1.0,15.0,2.0,13.0,14.0,7.0,2.0,25.0,15.0,22.0,20.0,3.0,3.0,17.0,23.0,7.0,11.0,8.0,7.0,2.0,15.0,5.0,10.0,16.0,18.0,4.0,4.0,11.0,9.0,2.0,18.0,17.0,10.0,2.0,5.0,5.0,219.05,26,24,9,17,40,39,11,31,34,24,28,13,19,27,16,25,19,30,35,41,19,5,44,24,12,25,4,13,19,31,14,18,12,27,7,22,16,10,27,53,14,34,35,19,22,31,36,7,17,32,38,10,33,24,18,13,32,20,22,33,220,65.0,25.0,82.0,59.0,60.0,59.0,51.0,40.0,52.0,61.0,53.0,46.0,48.0,88.0,65.0,67.0,55.0,37.0,91.0,43.0,81.0,59.0,39.0,33.0,69.0,56.0,62.0,50.0,42.0,60.0,69.0,80.0,72.0,46.0,53.0,47.0,16.0,68.0,34.0,48.0,34.0,72.0,85.0,56.0,55.0,88.0,57.0,121.0,59.0,67.0,75.0,36.0,64.0,79.0,66.0,78.0,45.0,60.0,65.0
222.866666666667,9.0,13.0,9.0,6.0,3.0,22.0,9.0,7.0,10.0,10.0,6.0,2.0,3.0,3.0,3.0,6.0,14.0,2.0,9.0,4.0,13.0,11.0,19.0,1.0,16.0,1.0,14.0,15.0,3.0,2.0,25.0,16.0,22.0,19.0,5.0,3.0,15.0,25.0,5.0,14.0,8.0,7.0,1.0,15.0,8.0,9.0,15.0,19.0,4.0,3.0,13.0,9.0,1.0,15.0,18.0,8.0,3.0,6.0,5.0,221.0,29,25,9,16,41,39,5,32,34,27,27,18,17,26,15,26,22,32,35,37,19,6,44,27,17,23,4,14,20,33,15,20,12,26,8,23,12,10,36,58,12,33,36,21,24,31,34,6,18,31,39,9,35,27,19,13,31,21,21,33,224,68.0,27.0,83.0,54.0,60.0,56.0,53.0,40.0,54.0,63.0,55.0,45.0,47.0,92.0,66.0,68.0,59.0,39.0,92.0,46.0,81.0,60.0,38.0,33.0,77.0,55.0,65.0,46.0,42.0,66.0,69.0,84.0,74.0,48.0,56.0,50.0,14.0,75.0,32.0,53.0,33.0,77.0,77.0,61.0,58.0,89.0,57.0,126.0,56.0,66.0,82.0,39.0,61.0,84.0,66.0,81.0,48.0,61.0,72.0
226.866666666667,9.0,14.0,9.0,8.0,1.0,25.0,11.0,6.0,7.0,10.0,5.0,1.0,3.0,3.0,5.0,5.0,14.0,2.0,9.0,5.0,16.0,13.0,19.0,2.0,16.0,1.0,15.0,14.0,6.0,3.0,26.0,15.0,19.0,23.0,6.0,3.0,16.0,25.0,1.0,15.0,8.0,7.0,1.0,15.0,5.0,9.0,16.0,20.0,4.0,2.0,12.0,13.0,1.0,13.0,20.0,11.0,2.0,5.0,5.0,224.0,26,26,10,17,41,36,7,34,35,33,28,17,18,25,20,27,19,31,36,36,20,4,43,26,14,27,3,14,18,34,12,16,12,29,6,21,13,12,40,58,12,30,38,21,22,33,35,12,16,32,41,9,35,26,21,16,30,24,19,29,228,74.0,28.0,90.0,53.0,65.0,59.0,54.0,38.0,50.0,63.0,58.0,51.0,50.0,98.0,67.0,74.0,59.0,39.0,95.0,46.0,83.0,60.0,39.0,36.0,77.0,59.0,64.0,52.0,46.0,67.0,80.0,83.0,76.0,48.0,60.0,48.0,18.0,74.0,36.0,53.0,36.0,84.0,78.0,62.0,57.0,94.0,60.0,132.0,64.0,70.0,83.0,39.0,66.0,81.0,63.0,85.0,51.0,70.0,77.0
230.866666666667,10.0,14.0,9.0,8.0,29.0,23.0,14.0,5.0,7.0,11.0,4.0,1.0,3.0,4.0,3.0,3.0,13.0,2.0,8.0,6.0,15.0,12.0,20.0,1.0,18.0,2.0,16.0,14.0,6.0,6.0,26.0,15.0,20.0,25.0,5.0,4.0,16.0,26.0,1.0,15.0,9.0,7.0,1.0,15.0,9.0,10.0,17.0,21.0,5.0,9.0,12.0,12.0,1.0,19.0,17.0,11.0,2.0,8.0,5.0,227.0,24,25,11,19,42,40,4,36,35,32,28,20,18,27,19,28,18,34,40,37,21,5,43,25,14,29,8,13,22,35,8,16,11,23,5,28,14,10,36,71,13,37,36,20,24,32,35,8,17,34,45,10,32,29,20,11,29,26,20,39,232,76.0,24.0,95.0,60.0,62.0,61.0,56.0,41.0,56.0,63.0,57.0,43.0,49.0,103.0,75.0,74.0,63.0,37.0,100.0,38.0,92.0,62.0,42.0,36.0,74.0,60.0,66.0,55.0,50.0,63.0,77.0,86.0,83.0,44.0,61.0,56.0,25.0,74.0,37.0,50.0,41.0,87.0,88.0,68.0,61.0,95.0,61.0,137.0,60.0,68.0,84.0,43.0,64.0,84.0,65.0,85.0,48.0,77.0,76.0
234.866666666667,8.0,15.0,9.0,7.0,29.0,23.0,14.0,6.0,8.0,13.0,6.0,1.0,2.0,2.0,1.0,4.0,13.0,2.0,9.0,6.0,17.0,15.0,21.0,1.0,17.0,2.0,17.0,16.0,6.0,3.0,26.0,13.0,24.0,24.0,6.0,1.0,17.0,28.0,7.0,15.0,8.0,8.0,2.0,15.0,9.0,10.0,18.0,22.0,5.0,11.0,16.0,12.0,1.0,21.0,22.0,11.0,3.0,8.0,7.0,230.0,26,25,9,20,41,40,2,34,37,34,28,25,20,30,21,28,17,31,42,35,20,4,43,23,12,29,6,13,19,37,9,18,10,26,4,25,17,12,36,60,12,36,41,21,27,35,35,9,18,35,46,11,38,28,21,13,28,24,20,38,236,76.0,25.0,98.0,55.0,69.0,64.0,56.0,41.0,54.0,64.0,56.0,54.0,48.0,103.0,78.0,83.0,63.0,40.0,104.0,42.0,91.0,64.0,41.0,35.0,82.0,64.0,69.0,55.0,53.0,68.0,80.0,88.0,82.0,49.0,61.0,54.0,27.0,81.0,36.0,53.0,46.0,89.0,82.0,65.0,59.0,101.0,69.0,145.0,59.0,70.0,84.0,41.0,65.0,97.0,71.0,82.0,52.0,79.0,81.0
238.866666666667,11.0,19.0,10.0,8.0,29.0,27.0,14.0,7.0,10.0,15.0,5.0,1.0,2.0,3.0,1.0,4.0,10.0,2.0,10.0,5.0,17.0,15.0,23.0,1.0,18.0,3.0,18.0,12.0,3.0,8.0,26.0,14.0,22.0,28.0,6.0,1.0,16.0,27.0,4.0,16.0,7.0,6.0,1.0,16.0,10.0,11.0,19.0,24.0,6.0,10.0,13.0,14.0,1.0,18.0,20.0,11.0,2.0,8.0,8.0,233.0,24,27,9,15,45,40,6,36,34,36,28,24,20,28,21,30,17,32,40,41,20,6,46,26,14,29,4,13,17,37,13,15,13,27,5,33,18,11,36,72,13,36,45,22,27,37,36,8,17,34,46,10,38,31,21,15,39,23,20,41,240,75.0,24.0,104.0,59.0,65.0,62.0,57.0,45.0,57.0,67.0,61.0,58.0,54.0,107.0,88.0,79.0,66.0,40.0,116.0,41.0,94.0,64.0,40.0,40.0,83.0,65.0,65.0,59.0,44.0,73.0,83.0,94.0,86.0,49.0,60.0,52.0,28.0,83.0,36.0,55.0,48.0,93.0,92.0,69.0,60.0,106.0,72.0,142.0,60.0,77.0,90.0,42.0,67.0,99.0,70.0,88.0,53.0,75.0,87.0
242.866666666667,9.0,18.0,11.0,9.0,30.0,23.0,14.0,8.0,8.0,15.0,4.0,1.0,2.0,3.0,1.0,3.0,11.0,2.0,14.0,5.0,17.0,12.0,23.0,1.0,15.0,3.0,18.0,15.0,3.0,7.0,29.0,14.0,25.0,29.0,6.0,1.0,20.0,28.0,1.0,15.0,7.0,6.0,2.0,20.0,9.0,11.0,23.0,23.0,6.0,10.0,15.0,12.0,1.0,20.0,24.0,13.0,2.0,8.0,9.0,236.0,29,27,9,18,47,42,8,40,39,33,25,25,21,25,22,29,17,30,42,37,21,7,46,23,14,32,6,13,19,34,15,17,10,29,5,30,16,12,35,73,13,36,49,24,31,38,42,8,17,36,44,11,40,26,20,12,37,24,21,42,244,83.0,29.0,104.0,67.0,66.0,66.0,57.0,49.0,53.0,71.0,62.0,62.0,51.0,113.0,91.0,81.0,67.0,40.0,111.0,48.0,97.0,71.0,42.0,42.0,85.0,64.0,75.0,60.0,52.0,73.0,81.0,96.0,87.0,48.0,60.0,56.0,27.0,84.0,36.0,56.0,48.0,94.0,96.0,73.0,58.0,101.0,70.0,156.0,64.0,76.0,89.0,40.0,73.0,103.0,77.0,88.0,52.0,87.0,95.0
246.866666666667,11.0,21.0,13.0,10.0,28.0,22.0,13.0,6.0,9.0,15.0,6.0,2.0,3.0,3.0,1.0,3.0,13.0,2.0,14.0,6.0,20.0,13.0,25.0,1.0,16.0,5.0,19.0,15.0,4.0,2.0,30.0,16.0,24.0,28.0,5.0,1.0,21.0,26.0,4.0,17.0,8.0,5.0,3.0,18.0,9.0,8.0,22.0,24.0,6.0,10.0,15.0,15.0,1.0,24.0,27.0,12.0,1.0,8.0,10.0,239.0,30,30,9,17,54,45,5,34,42,31,27,22,22,35,19,27,20,35,46,44,21,6,47,26,16,36,5,13,22,35,16,16,12,28,5,30,18,13,38,75,14,39,46,25,31,39,34,10,17,37,43,11,39,30,23,13,36,27,20,40,248,83.0,28.0,117.0,68.0,71.0,73.0,55.0,47.0,53.0,70.0,65.0,59.0,53.0,119.0,89.0,81.0,74.0,43.0,119.0,50.0,99.0,79.0,43.0,39.0,91.0,62.0,71.0,60.0,53.0,76.0,89.0,93.0,88.0,52.0,65.0,61.0,29.0,88.0,39.0,57.0,51.0,101.0,99.0,73.0,67.0,106.0,71.0,163.0,64.0,80.0,98.0,41.0,72.0,111.0,80.0,90.0,55.0,90.0,98.0
250.866666666667,10.0,22.0,11.0,9.0,35.0,25.0,12.0,7.0,10.0,16.0,5.0,1.0,3.0,3.0,1.0,3.0,13.0,2.0,14.0,5.0,20.0,13.0,25.0,2.0,13.0,2.0,20.0,17.0,2.0,1.0,9.0,16.0,19.0,29.0,6.0,1.0,22.0,26.0,5.0,13.0,11.0,6.0,2.0,21.0,10.0,10.0,23.0,24.0,5.0,6.0,17.0,15.0,1.0,21.0,28.0,12.0,1.0,8.0,6.0,242.0,32,32,11,24,53,42,5,40,47,34,26,30,22,36,17,28,19,39,47,50,20,2,50,28,14,35,5,13,19,37,16,18,12,28,4,35,20,12,45,77,16,38,53,27,31,38,37,11,18,40,48,11,38,32,22,14,44,30,21,42,252,85.0,32.0,121.0,69.0,75.0,71.0,53.0,53.0,62.0,71.0,65.0,59.0,55.0,120.0,92.0,85.0,80.0,40.0,121.0,55.0,100.0,83.0,47.0,42.0,85.0,68.0,72.0,59.0,50.0,75.0,94.0,96.0,90.0,60.0,62.0,62.0,33.0,93.0,38.0,66.0,54.0,101.0,101.0,78.0,67.0,106.0,69.0,167.0,59.0,83.0,95.0,42.0,73.0,111.0,83.0,91.0,56.0,95.0,103.0
254.866666666667,12.0,21.0,13.0,9.0,31.0,24.0,14.0,6.0,9.0,16.0,6.0,2.0,2.0,2.0,1.0,3.0,14.0,2.0,14.0,5.0,20.0,16.0,25.0,1.0,19.0,5.0,20.0,17.0,6.0,1.0,37.0,15.0,25.0,32.0,5.0,1.0,21.0,27.0,6.0,14.0,12.0,6.0,2.0,23.0,11.0,12.0,25.0,23.0,6.0,6.0,17.0,14.0,2.0,24.0,31.0,13.0,1.0,8.0,5.0,245.0,32,33,10,20,59,41,10,40,47,34,25,26,24,40,19,32,18,36,50,42,20,2,53,28,15,35,9,14,21,38,19,13,12,28,4,35,25,13,43,81,22,36,51,25,27,37,44,7,17,38,53,11,40,32,22,15,37,30,22,43,256,85.0,33.0,116.0,75.0,76.0,76.0,52.0,53.0,60.0,74.0,66.0,56.0,58.0,126.0,92.0,93.0,83.0,38.0,124.0,52.0,105.0,86.0,49.0,43.0,92.0,66.0,76.0,61.0,51.0,79.0,96.0,102.0,96.0,59.0,63.0,62.0,32.0,95.0,38.0,71.0,51.0,99.0,98.0,78.0,68.0,110.0,80.0,169.0,60.0,78.0,96.0,44.0,70.0,114.0,87.0,98.0,63.0,98.0,103.0
258.866666666667,11.0,22.0,14.0,5.0,38.0,16.0,8.0,7.0,9.0,15.0,5.0,4.0,1.0,5.0,3.0,4.0,17.0,2.0,16.0,4.0,21.0,11.0,23.0,2.0,12.0,5.0,1.0,13.0,10.0,6.0,40.0,21.0,7.0,35.0,5.0,3.0,23.0,26.0,5.0,16.0,10.0,8.0,2.0,24.0,12.0,22.0,21.0,21.0,2.0,8.0,12.0,15.0,3.0,20.0,32.0,13.0,2.0,9.0,6.0,248.0,32,34,10,22,60,45,5,46,47,32,26,25,21,33,22,31,20,40,50,48,20,1,57,25,17,41,9,14,21,38,18,12,13,31,5,37,26,12,41,76,15,37,49,26,32,36,44,10,19,39,54,9,40,32,23,18,39,33,21,49,260,89.0,34.0,117.0,82.0,86.0,86.0,54.0,52.0,61.0,83.0,67.0,57.0,63.0,126.0,93.0,96.0,83.0,40.0,125.0,51.0,113.0,79.0,49.0,44.0,89.0,69.0,83.0,56.0,56.0,82.0,89.0,108.0,99.0,58.0,63.0,62.0,29.0,98.0,41.0,67.0,54.0,100.0,110.0,77.0,65.0,117.0,80.0,181.0,67.0,85.0,97.0,45.0,68.0,123.0,90.0,104.0,61.0,99.0,107.0
262.866666666667,11.0,25.0,15.0,6.0,42.0,25.0,14.0,8.0,9.0,18.0,4.0,5.0,2.0,4.0,3.0,5.0,21.0,3.0,16.0,5.0,22.0,14.0,27.0,1.0,13.0,6.0,1.0,13.0,1.0,6.0,41.0,23.0,8.0,36.0,4.0,3.0,23.0,34.0,7.0,16.0,10.0,9.0,5.0,24.0,11.0,21.0,23.0,20.0,7.0,13.0,15.0,16.0,5.0,19.0,31.0,10.0,4.0,9.0,5.0,251.0,34,35,13,21,62,42,8,50,50,33,24,26,23,39,20,32,18,41,50,45,19,1,59,25,13,38,9,14,24,35,18,14,12,30,8,35,26,13,46,82,17,40,50,26,27,37,47,8,19,44,58,10,43,36,22,17,48,31,23,50,264,93.0,34.0,119.0,82.0,86.0,95.0,59.0,55.0,57.0,89.0,74.0,60.0,60.0,127.0,101.0,98.0,86.0,41.0,127.0,60.0,114.0,86.0,49.0,46.0,85.0,74.0,88.0,59.0,61.0,77.0,95.0,108.0,104.0,67.0,71.0,68.0,33.0,97.0,40.0,68.0,58.0,109.0,105.0,83.0,74.0,122.0,80.0,182.0,68.0,90.0,92.0,46.0,77.0,123.0,95.0,109.0,63.0,106.0,106.0
266.866666666667,13.0,24.0,15.0,5.0,48.0,25.0,14.0,7.0,9.0,19.0,5.0,4.0,2.0,5.0,2.0,7.0,20.0,4.0,15.0,5.0,22.0,14.0,30.0,3.0,14.0,4.0,2.0,23.0,9.0,10.0,44.0,25.0,10.0,42.0,4.0,3.0,27.0,34.0,5.0,18.0,10.0,9.0,2.0,25.0,11.0,21.0,19.0,22.0,9.0,16.0,16.0,18.0,4.0,16.0,32.0,16.0,3.0,10.0,6.0,254.0,34,35,14,22,64,50,10,51,55,34,25,26,26,35,22,33,21,45,50,46,23,2,59,30,17,41,10,13,23,37,20,13,12,26,8,37,26,13,50,80,18,44,53,30,26,38,45,8,20,48,57,9,43,34,24,16,47,34,23,51,268,100.0,34.0,131.0,81.0,86.0,95.0,66.0,56.0,63.0,92.0,78.0,73.0,63.0,139.0,109.0,95.0,88.0,46.0,139.0,58.0,125.0,83.0,52.0,47.0,101.0,74.0,88.0,66.0,59.0,88.0,99.0,118.0,107.0,67.0,76.0,72.0,32.0,103.0,46.0,76.0,53.0,115.0,114.0,88.0,74.0,131.0,81.0,194.0,69.0,96.0,113.0,45.0,88.0,124.0,96.0,113.0,65.0,106.0,111.0
270.866666666667,15.0,23.0,17.0,5.0,47.0,29.0,14.0,6.0,9.0,19.0,5.0,5.0,2.0,4.0,2.0,6.0,20.0,4.0,14.0,4.0,23.0,14.0,30.0,2.0,16.0,3.0,2.0,21.0,12.0,7.0,44.0,26.0,10.0,42.0,4.0,1.0,28.0,38.0,5.0,17.0,9.0,10.0,2.0,26.0,12.0,20.0,26.0,26.0,8.0,16.0,18.0,17.0,4.0,19.0,35.0,19.0,5.0,10.0,4.0,257.0,36,36,13,24,67,52,5,53,54,33,26,23,24,37,25,28,22,45,50,55,25,9,62,23,16,46,10,11,19,38,19,15,13,28,8,38,24,12,46,81,16,37,53,30,26,36,45,8,25,51,60,10,45,34,26,16,51,36,24,51,272,104.0,45.0,134.0,92.0,90.0,102.0,61.0,60.0,76.0,97.0,72.0,57.0,58.0,136.0,119.0,100.0,99.0,58.0,146.0,61.0,120.0,94.0,60.0,38.0,105.0,77.0,95.0,73.0,65.0,83.0,111.0,128.0,111.0,70.0,75.0,73.0,50.0,105.0,51.0,79.0,63.0,114.0,99.0,97.0,77.0,144.0,85.0,206.0,72.0,106.0,115.0,58.0,70.0,129.0,93.0,108.0,69.0,113.0,143.0
274.866666666667,15.0,22.0,19.0,6.0,54.0,34.0,14.0,7.0,6.0,20.0,4.0,2.0,2.0,6.0,3.0,9.0,18.0,4.0,16.0,4.0,19.0,15.0,28.0,2.0,15.0,1.0,1.0,18.0,3.0,9.0,46.0,28.0,8.0,42.0,4.0,4.0,25.0,38.0,1.0,16.0,9.0,11.0,2.0,26.0,11.0,19.0,27.0,26.0,8.0,19.0,18.0,19.0,4.0,23.0,35.0,19.0,4.0,10.0,6.0,260.0,31,40,13,22,67,49,9,55,57,38,33,24,23,36,27,34,21,45,50,50,27,6,66,30,16,45,11,17,20,37,21,14,13,27,9,37,26,14,52,85,18,44,53,29,33,38,50,8,19,54,60,10,46,38,24,15,52,37,24,56,276,105.0,40.0,135.0,98.0,99.0,102.0,62.0,62.0,84.0,99.0,80.0,59.0,63.0,149.0,126.0,111.0,106.0,60.0,151.0,58.0,126.0,96.0,67.0,44.0,106.0,79.0,100.0,74.0,74.0,89.0,114.0,126.0,118.0,71.0,78.0,81.0,50.0,107.0,55.0,89.0,61.0,129.0,111.0,97.0,85.0,142.0,88.0,206.0,76.0,111.0,120.0,59.0,76.0,130.0,98.0,115.0,66.0,125.0,155.0
278.866666666667,13.0,25.0,18.0,6.0,53.0,31.0,18.0,8.0,9.0,20.0,5.0,2.0,2.0,6.0,3.0,13.0,21.0,4.0,16.0,4.0,21.0,16.0,32.0,2.0,15.0,4.0,1.0,20.0,11.0,11.0,47.0,29.0,8.0,46.0,3.0,4.0,30.0,41.0,1.0,15.0,8.0,10.0,2.0,26.0,12.0,20.0,25.0,30.0,9.0,18.0,16.0,18.0,4.0,20.0,33.0,21.0,4.0,10.0,3.0,263.0,37,40,13,22,67,50,6,55,57,34,32,29,26,40,28,34,21,44,48,54,24,8,68,32,17,49,12,17,24,37,23,19,15,27,6,39,26,15,53,81,19,50,52,31,32,34,51,7,22,52,60,9,48,37,26,15,56,35,24,56,280,103.0,43.0,141.0,98.0,112.0,102.0,65.0,67.0,78.0,108.0,78.0,60.0,59.0,155.0,129.0,114.0,101.0,54.0,152.0,68.0,127.0,107.0,66.0,46.0,120.0,85.0,108.0,73.0,71.0,91.0,121.0,129.0,125.0,78.0,86.0,80.0,53.0,110.0,55.0,88.0,60.0,136.0,112.0,97.0,90.0,152.0,90.0,215.0,81.0,112.0,126.0,58.0,76.0,127.0,105.0,122.0,68.0,140.0,161.0
282.866666666667,18.0,28.0,18.0,6.0,54.0,33.0,19.0,9.0,8.0,21.0,4.0,2.0,2.0,6.0,4.0,16.0,23.0,4.0,17.0,4.0,21.0,15.0,31.0,3.0,17.0,3.0,1.0,22.0,14.0,10.0,50.0,32.0,9.0,44.0,3.0,2.0,29.0,39.0,6.0,14.0,9.0,12.0,4.0,27.0,15.0,23.0,23.0,30.0,6.0,16.0,18.0,21.0,3.0,23.0,34.0,20.0,4.0,12.0,5.0,266.0,34,39,13,22,68,51,8,53,59,35,35,27,23,40,26,38,25,45,52,57,24,10,66,29,17,41,11,17,19,37,23,15,12,24,7,40,27,17,53,83,16,50,55,28,35,42,57,9,22,52,63,8,50,38,26,16,49,32,22,63,284,113.0,44.0,148.0,110.0,109.0,108.0,71.0,70.0,87.0,101.0,83.0,66.0,65.0,160.0,131.0,115.0,99.0,58.0,158.0,76.0,140.0,110.0,73.0,47.0,123.0,87.0,110.0,75.0,74.0,97.0,125.0,126.0,125.0,80.0,89.0,85.0,56.0,115.0,52.0,87.0,64.0,136.0,120.0,92.0,90.0,159.0,97.0,224.0,78.0,108.0,125.0,62.0,79.0,136.0,107.0,121.0,69.0,145.0,176.0
286.866666666667,18.0,31.0,22.0,5.0,57.0,35.0,20.0,10.0,12.0,21.0,4.0,2.0,2.0,5.0,5.0,14.0,23.0,4.0,19.0,5.0,23.0,13.0,33.0,3.0,18.0,3.0,2.0,15.0,12.0,7.0,51.0,29.0,9.0,48.0,4.0,3.0,31.0,44.0,2.0,13.0,8.0,10.0,2.0,32.0,14.0,25.0,31.0,30.0,9.0,13.0,20.0,19.0,4.0,26.0,42.0,21.0,4.0,12.0,5.0,269.0,36,40,12,22,71,60,5,50,58,38,36,22,29,45,26,39,24,48,51,60,24,7,70,34,19,43,11,15,22,36,25,14,15,24,6,45,27,16,56,88,18,47,57,28,36,54,59,8,22,55,64,9,53,45,21,15,56,38,21,63,288,117.0,46.0,150.0,113.0,108.0,107.0,68.0,68.0,84.0,99.0,91.0,68.0,68.0,170.0,133.0,118.0,109.0,62.0,168.0,71.0,146.0,108.0,73.0,44.0,121.0,92.0,113.0,77.0,81.0,90.0,126.0,133.0,124.0,73.0,95.0,87.0,59.0,125.0,54.0,89.0,73.0,141.0,115.0,101.0,98.0,167.0,99.0,242.0,83.0,120.0,145.0,56.0,81.0,148.0,106.0,124.0,73.0,147.0,169.0
290.866666666667,20.0,34.0,19.0,6.0,58.0,35.0,19.0,11.0,11.0,22.0,4.0,4.0,2.0,5.0,4.0,16.0,24.0,4.0,23.0,5.0,24.0,14.0,31.0,3.0,19.0,3.0,2.0,18.0,13.0,11.0,55.0,34.0,11.0,49.0,4.0,4.0,34.0,48.0,6.0,17.0,10.0,11.0,2.0,31.0,15.0,25.0,30.0,31.0,9.0,15.0,19.0,24.0,6.0,25.0,38.0,24.0,3.0,14.0,3.0,272.0,33,40,14,22,72,55,5,52,52,37,36,29,29,48,27,44,26,47,55,55,26,12,74,34,17,45,12,16,22,42,24,15,17,26,6,46,24,15,56,89,18,48,62,29,36,50,56,9,25,58,78,9,55,43,26,16,59,35,26,67,292,126.0,45.0,152.0,106.0,114.0,110.0,66.0,74.0,85.0,100.0,88.0,65.0,70.0,170.0,143.0,122.0,112.0,58.0,177.0,68.0,154.0,111.0,76.0,39.0,134.0,92.0,111.0,82.0,78.0,94.0,123.0,138.0,130.0,83.0,101.0,96.0,62.0,125.0,50.0,104.0,71.0,150.0,124.0,110.0,97.0,165.0,106.0,239.0,89.0,122.0,142.0,64.0,85.0,162.0,116.0,128.0,75.0,157.0,180.0
294.866666666667,20.0,34.0,16.0,8.0,2.0,41.0,20.0,10.0,12.0,24.0,4.0,5.0,2.0,5.0,2.0,18.0,21.0,4.0,26.0,4.0,25.0,14.0,33.0,4.0,20.0,1.0,1.0,29.0,2.0,2.0,56.0,34.0,12.0,50.0,3.0,0.0,35.0,46.0,6.0,15.0,9.0,13.0,4.0,29.0,14.0,25.0,36.0,40.0,8.0,3.0,19.0,28.0,7.0,27.0,47.0,19.0,2.0,14.0,3.0,275.0,42,41,12,25,70,56,9,44,52,38,40,27,30,47,28,42,24,50,58,60,28,14,76,29,17,48,9,15,22,42,25,15,13,30,6,51,26,16,65,91,18,44,69,31,39,51,61,11,27,58,76,9,54,42,28,14,62,38,24,64,296,130.0,47.0,154.0,117.0,126.0,113.0,72.0,73.0,87.0,111.0,93.0,65.0,70.0,177.0,147.0,124.0,110.0,58.0,179.0,68.0,163.0,114.0,75.0,35.0,146.0,91.0,116.0,84.0,82.0,100.0,137.0,139.0,134.0,85.0,101.0,98.0,59.0,121.0,52.0,101.0,74.0,149.0,119.0,109.0,99.0,174.0,99.0,268.0,88.0,127.0,149.0,65.0,80.0,160.0,118.0,130.0,86.0,163.0,187.0
298.866666666667,22.0,32.0,19.0,7.0,63.0,44.0,22.0,12.0,10.0,22.0,4.0,4.0,2.0,5.0,5.0,15.0,22.0,3.0,29.0,5.0,19.0,14.0,37.0,3.0,21.0,1.0,1.0,26.0,3.0,10.0,7.0,37.0,14.0,50.0,3.0,1.0,36.0,46.0,7.0,15.0,6.0,13.0,4.0,32.0,17.0,25.0,34.0,42.0,8.0,3.0,15.0,26.0,5.0,32.0,46.0,21.0,4.0,14.0,3.0,278.0,40,43,12,27,78,57,5,57,53,35,39,29,33,47,29,42,27,55,65,59,25,13,81,34,19,53,10,13,22,42,23,15,15,33,6,50,24,13,65,99,15,45,67,32,38,55,64,11,27,57,79,10,61,42,32,14,68,37,26,70,300,134.0,51.0,160.0,119.0,134.0,128.0,67.0,76.0,93.0,106.0,89.0,67.0,66.0,180.0,151.0,121.0,113.0,59.0,188.0,64.0,168.0,116.0,76.0,41.0,137.0,93.0,118.0,81.0,84.0,101.0,138.0,150.0,139.0,84.0,103.0,96.0,63.0,129.0,57.0,104.0,78.0,167.0,130.0,122.0,110.0,178.0,99.0,276.0,95.0,133.0,158.0,65.0,81.0,167.0,114.0,127.0,82.0,164.0,201.0
302.866666666667,22.0,33.0,17.0,6.0,68.0,46.0,19.0,10.0,13.0,28.0,5.0,6.0,1.0,7.0,3.0,16.0,23.0,4.0,29.0,4.0,19.0,15.0,37.0,2.0,23.0,4.0,1.0,30.0,3.0,8.0,12.0,38.0,13.0,55.0,4.0,1.0,39.0,49.0,3.0,13.0,6.0,12.0,5.0,35.0,16.0,27.0,34.0,43.0,8.0,3.0,21.0,24.0,5.0,31.0,44.0,23.0,4.0,16.0,5.0,281.0,39,45,12,27,81,57,11,58,54,42,40,32,31,43,27,42,28,53,63,63,27,14,82,33,18,54,11,14,17,37,25,14,14,29,7,50,31,13,66,106,18,48,66,30,36,55,64,12,29,58,87,10,62,45,35,16,64,42,24,70,304,136.0,51.0,181.0,124.0,148.0,129.0,69.0,77.0,88.0,108.0,97.0,69.0,67.0,191.0,155.0,128.0,121.0,65.0,196.0,66.0,166.0,119.0,77.0,42.0,159.0,96.0,128.0,89.0,85.0,107.0,151.0,154.0,143.0,86.0,105.0,93.0,65.0,134.0,56.0,108.0,80.0,169.0,127.0,121.0,109.0,185.0,108.0,292.0,101.0,135.0,157.0,65.0,85.0,177.0,125.0,131.0,84.0,170.0,195.0
306.866666666667,23.0,32.0,21.0,5.0,71.0,41.0,22.0,10.0,15.0,29.0,4.0,6.0,1.0,5.0,2.0,14.0,25.0,3.0,30.0,5.0,20.0,15.0,36.0,3.0,23.0,4.0,1.0,29.0,2.0,9.0,73.0,38.0,16.0,56.0,4.0,0.0,42.0,50.0,6.0,16.0,5.0,13.0,7.0,41.0,15.0,23.0,41.0,43.0,9.0,3.0,21.0,28.0,5.0,33.0,50.0,25.0,4.0,15.0,6.0,284.0,37,48,14,22,88,58,7,64,58,38,37,34,37,46,34,44,29,56,69,62,26,14,83,31,15,58,8,18,19,42,24,14,16,32,6,50,28,16,64,111,19,53,73,31,38,57,61,12,32,58,87,9,63,45,34,16,62,41,25,74,308,139.0,53.0,185.0,127.0,140.0,138.0,75.0,79.0,93.0,109.0,98.0,71.0,76.0,193.0,170.0,122.0,121.0,66.0,199.0,59.0,176.0,132.0,87.0,44.0,168.0,100.0,139.0,90.0,88.0,109.0,155.0,159.0,145.0,81.0,110.0,108.0,64.0,138.0,56.0,112.0,78.0,166.0,134.0,121.0,118.0,196.0,111.0,283.0,104.0,142.0,152.0,70.0,93.0,179.0,128.0,133.0,86.0,172.0,206.0
310.866666666667,24.0,32.0,22.0,4.0,81.0,44.0,25.0,9.0,15.0,29.0,3.0,4.0,1.0,5.0,4.0,13.0,26.0,3.0,30.0,5.0,25.0,14.0,35.0,3.0,25.0,4.0,2.0,29.0,19.0,5.0,75.0,38.0,14.0,57.0,3.0,0.0,43.0,52.0,7.0,17.0,7.0,16.0,4.0,40.0,18.0,25.0,40.0,43.0,8.0,3.0,25.0,28.0,5.0,34.0,57.0,29.0,4.0,16.0,3.0,287.0,36,52,14,24,87,59,7,62,53,35,41,39,36,48,32,45,27,59,81,64,27,16,91,33,18,54,12,15,19,45,21,14,17,37,6,53,28,19,68,115,20,56,75,34,39,63,65,12,30,59,92,11,68,47,40,15,69,40,28,79,312,148.0,56.0,193.0,138.0,150.0,138.0,78.0,86.0,97.0,116.0,101.0,73.0,71.0,198.0,165.0,134.0,124.0,75.0,206.0,67.0,181.0,134.0,86.0,47.0,171.0,105.0,141.0,97.0,92.0,106.0,163.0,163.0,154.0,93.0,112.0,109.0,64.0,142.0,58.0,119.0,84.0,167.0,135.0,120.0,115.0,203.0,119.0,299.0,101.0,155.0,156.0,67.0,98.0,188.0,130.0,144.0,91.0,185.0,207.0
314.866666666667,24.0,32.0,25.0,8.0,90.0,45.0,27.0,9.0,13.0,30.0,3.0,6.0,2.0,6.0,2.0,15.0,25.0,4.0,30.0,4.0,23.0,17.0,41.0,2.0,25.0,2.0,2.0,35.0,2.0,9.0,6.0,44.0,16.0,61.0,3.0,0.0,42.0,57.0,6.0,16.0,8.0,14.0,7.0,40.0,17.0,27.0,44.0,44.0,7.0,3.0,22.0,34.0,5.0,35.0,56.0,31.0,4.0,19.0,3.0,290.0,44,52,21,32,94,57,7,61,61,41,42,40,36,51,31,50,28,65,79,71,31,17,93,33,18,53,10,17,20,46,22,17,17,44,4,57,29,19,73,124,20,55,75,33,40,54,69,12,31,57,89,10,68,48,34,16,73,42,29,80,316,156.0,59.0,203.0,136.0,152.0,147.0,75.0,85.0,99.0,126.0,109.0,72.0,78.0,211.0,185.0,137.0,127.0,81.0,216.0,65.0,182.0,135.0,90.0,48.0,173.0,101.0,145.0,97.0,94.0,112.0,169.0,176.0,157.0,92.0,121.0,113.0,65.0,144.0,53.0,116.0,78.0,185.0,138.0,123.0,116.0,204.0,123.0,329.0,99.0,155.0,157.0,67.0,101.0,202.0,139.0,138.0,93.0,185.0,217.0
318.866666666667,28.0,34.0,24.0,6.0,101.0,49.0,27.0,7.0,14.0,32.0,3.0,6.0,1.0,6.0,4.0,14.0,26.0,3.0,30.0,6.0,19.0,15.0,44.0,2.0,26.0,2.0,1.0,37.0,2.0,9.0,8.0,44.0,14.0,58.0,3.0,0.0,44.0,56.0,5.0,17.0,9.0,14.0,6.0,42.0,17.0,27.0,43.0,45.0,6.0,3.0,18.0,35.0,5.0,36.0,66.0,31.0,2.0,18.0,4.0,293.0,43,57,19,31,99,61,7,69,66,43,44,37,36,53,25,45,33,67,83,78,30,13,98,35,17,60,10,15,20,46,26,15,18,42,4,52,33,20,75,108,20,54,79,39,45,57,74,12,31,58,93,10,69,52,35,17,82,45,27,79,320,159.0,59.0,207.0,148.0,160.0,155.0,86.0,87.0,102.0,132.0,113.0,79.0,81.0,213.0,181.0,139.0,141.0,83.0,221.0,67.0,195.0,139.0,88.0,48.0,182.0,100.0,148.0,96.0,100.0,118.0,178.0,190.0,156.0,88.0,127.0,110.0,66.0,155.0,52.0,109.0,93.0,184.0,140.0,130.0,131.0,214.0,135.0,323.0,101.0,150.0,168.0,71.0,101.0,211.0,145.0,149.0,92.0,211.0,224.0
322.866666666667,27.0,34.0,23.0,3.0,103.0,47.0,31.0,7.0,16.0,34.0,4.0,5.0,1.0,5.0,2.0,17.0,30.0,4.0,31.0,4.0,19.0,17.0,45.0,1.0,27.0,4.0,1.0,39.0,1.0,8.0,11.0,49.0,13.0,65.0,3.0,1.0,43.0,59.0,9.0,15.0,10.0,15.0,5.0,43.0,16.0,28.0,45.0,43.0,7.0,3.0,23.0,35.0,5.0,37.0,61.0,37.0,3.0,18.0,3.0,296.0,44,55,18,28,98,69,14,67,67,44,43,46,35,52,27,49,30,72,81,79,29,12,99,37,17,64,10,17,19,48,25,17,19,44,4,51,34,20,83,128,26,53,83,36,49,63,70,12,31,59,98,10,69,46,35,17,84,42,27,87,324,158.0,56.0,209.0,155.0,160.0,170.0,83.0,85.0,106.0,132.0,115.0,86.0,90.0,220.0,182.0,151.0,141.0,80.0,234.0,66.0,201.0,141.0,93.0,53.0,199.0,104.0,154.0,106.0,106.0,123.0,184.0,197.0,162.0,95.0,125.0,128.0,70.0,152.0,59.0,118.0,97.0,197.0,141.0,134.0,124.0,221.0,136.0,366.0,106.0,158.0,172.0,68.0,108.0,221.0,145.0,159.0,104.0,210.0,218.0
326.866666666667,27.0,31.0,27.0,7.0,106.0,51.0,32.0,9.0,13.0,34.0,3.0,6.0,1.0,6.0,2.0,17.0,28.0,4.0,34.0,5.0,17.0,13.0,45.0,3.0,28.0,4.0,1.0,34.0,3.0,7.0,4.0,50.0,15.0,69.0,4.0,1.0,45.0,58.0,11.0,16.0,8.0,17.0,6.0,46.0,17.0,24.0,49.0,46.0,9.0,3.0,19.0,34.0,4.0,37.0,70.0,35.0,4.0,16.0,3.0,299.0,47,55,23,31,104,69,11,73,64,44,42,40,36,51,30,45,27,76,83,79,32,13,97,47,18,70,10,15,18,47,26,17,19,43,4,57,33,19,48,124,24,60,82,39,45,63,77,12,32,66,103,11,71,49,30,17,83,51,25,86,328,171.0,55.0,224.0,154.0,176.0,171.0,88.0,87.0,99.0,136.0,113.0,94.0,87.0,216.0,202.0,142.0,143.0,87.0,226.0,73.0,217.0,148.0,89.0,53.0,199.0,108.0,159.0,105.0,108.0,120.0,190.0,207.0,160.0,91.0,128.0,139.0,75.0,154.0,59.0,119.0,100.0,198.0,137.0,133.0,126.0,223.0,147.0,357.0,109.0,159.0,176.0,66.0,111.0,221.0,153.0,169.0,96.0,210.0,243.0
330.866666666667,30.0,34.0,26.0,6.0,108.0,47.0,34.0,6.0,14.0,38.0,3.0,7.0,2.0,6.0,2.0,18.0,32.0,4.0,35.0,6.0,25.0,20.0,45.0,3.0,29.0,3.0,1.0,36.0,24.0,6.0,87.0,56.0,14.0,75.0,3.0,0.0,50.0,57.0,11.0,16.0,6.0,17.0,9.0,45.0,17.0,27.0,48.0,50.0,8.0,3.0,23.0,35.0,4.0,45.0,69.0,34.0,4.0,16.0,3.0,302.0,42,61,21,26,108,74,12,73,64,44,42,37,35,60,28,51,27,74,90,75,36,15,98,51,18,71,12,18,14,49,27,19,20,45,5,56,36,22,24,124,32,58,85,41,46,63,79,12,33,65,108,11,75,48,33,17,85,51,26,90,332,171.0,57.0,239.0,177.0,184.0,180.0,87.0,84.0,108.0,135.0,111.0,88.0,91.0,226.0,210.0,153.0,148.0,91.0,241.0,67.0,224.0,158.0,98.0,50.0,204.0,106.0,163.0,106.0,107.0,131.0,183.0,208.0,170.0,97.0,136.0,136.0,74.0,155.0,62.0,127.0,98.0,211.0,143.0,141.0,125.0,232.0,160.0,348.0,104.0,158.0,183.0,67.0,113.0,226.0,161.0,170.0,105.0,225.0,250.0
334.866666666667,30.0,32.0,31.0,5.0,115.0,56.0,34.0,6.0,16.0,40.0,4.0,6.0,2.0,5.0,1.0,19.0,34.0,3.0,39.0,6.0,28.0,25.0,46.0,2.0,40.0,3.0,2.0,15.0,28.0,5.0,87.0,59.0,10.0,80.0,3.0,1.0,49.0,72.0,9.0,14.0,9.0,15.0,8.0,49.0,17.0,32.0,52.0,48.0,6.0,6.0,24.0,41.0,5.0,45.0,78.0,21.0,3.0,19.0,3.0,305.0,46,61,21,30,110,75,7,77,67,47,46,39,41,57,30,50,37,77,87,82,36,16,107,52,16,70,10,20,16,50,27,19,18,47,5,59,41,23,75,128,27,62,85,41,48,60,81,12,33,67,109,11,77,51,38,18,91,47,27,93,336,181.0,60.0,243.0,176.0,187.0,176.0,88.0,93.0,108.0,149.0,113.0,89.0,97.0,238.0,215.0,156.0,149.0,89.0,240.0,70.0,231.0,157.0,103.0,59.0,202.0,110.0,174.0,107.0,109.0,133.0,197.0,213.0,175.0,100.0,149.0,146.0,71.0,160.0,58.0,124.0,101.0,220.0,148.0,146.0,136.0,225.0,161.0,382.0,110.0,169.0,181.0,74.0,127.0,244.0,160.0,183.0,103.0,234.0,251.0
338.866666666667,35.0,32.0,30.0,3.0,113.0,60.0,34.0,9.0,11.0,41.0,4.0,7.0,2.0,6.0,2.0,24.0,32.0,3.0,41.0,6.0,28.0,26.0,48.0,3.0,38.0,2.0,1.0,14.0,2.0,9.0,96.0,64.0,17.0,85.0,4.0,0.0,52.0,75.0,9.0,13.0,7.0,16.0,8.0,50.0,20.0,28.0,58.0,54.0,9.0,16.0,29.0,42.0,4.0,45.0,78.0,42.0,5.0,17.0,3.0,308.0,47,58,25,35,114,82,12,78,74,47,47,37,45,62,28,54,37,78,87,83,34,14,110,51,19,74,9,21,18,54,24,20,20,48,5,61,34,27,12,132,29,60,96,45,51,59,78,12,36,78,112,11,78,45,41,21,96,47,29,100,,,,,,,,,,,,,,,,,,,,,,,,,,,,,,,,,,,,,,,,,,,,,,,,,,,,,,,,,,,,
342.866666666667,37.0,36.0,30.0,3.0,125.0,60.0,34.0,6.0,13.0,42.0,3.0,6.0,2.0,6.0,1.0,28.0,31.0,3.0,44.0,5.0,34.0,24.0,43.0,3.0,36.0,2.0,2.0,15.0,2.0,9.0,110.0,70.0,19.0,85.0,3.0,0.0,57.0,74.0,2.0,14.0,10.0,18.0,9.0,53.0,21.0,28.0,60.0,57.0,8.0,19.0,28.0,42.0,4.0,49.0,85.0,42.0,4.0,16.0,3.0,311.0,46,58,24,38,122,86,13,81,81,45,47,50,46,56,36,48,40,83,90,87,35,18,112,51,20,74,11,23,17,53,31,19,20,45,5,55,42,26,95,142,32,61,100,47,53,66,82,12,42,83,112,10,78,40,39,25,91,48,29,101,,,,,,,,,,,,,,,,,,,,,,,,,,,,,,,,,,,,,,,,,,,,,,,,,,,,,,,,,,,,
346.866666666667,38.0,40.0,30.0,4.0,137.0,62.0,39.0,7.0,14.0,43.0,3.0,5.0,1.0,4.0,2.0,30.0,34.0,3.0,46.0,5.0,33.0,25.0,45.0,4.0,41.0,3.0,2.0,18.0,3.0,10.0,119.0,69.0,16.0,91.0,4.0,0.0,65.0,82.0,9.0,16.0,10.0,18.0,9.0,52.0,21.0,28.0,60.0,63.0,8.0,19.0,27.0,48.0,4.0,50.0,94.0,43.0,5.0,17.0,3.0,314.0,48,64,24,38,125,89,11,90,82,45,47,49,48,65,42,45,34,81,95,79,35,17,111,51,18,78,12,22,18,49,32,21,20,46,5,69,46,27,93,130,29,64,103,46,53,63,82,13,43,82,121,10,82,50,37,27,86,50,33,100,,,,,,,,,,,,,,,,,,,,,,,,,,,,,,,,,,,,,,,,,,,,,,,,,,,,,,,,,,,,
350.866666666667,40.0,41.0,34.0,4.0,142.0,65.0,39.0,12.0,15.0,41.0,3.0,5.0,2.0,5.0,1.0,30.0,41.0,3.0,47.0,6.0,30.0,24.0,50.0,3.0,46.0,2.0,2.0,14.0,4.0,8.0,125.0,76.0,19.0,87.0,4.0,0.0,72.0,93.0,7.0,15.0,9.0,17.0,10.0,53.0,24.0,26.0,62.0,65.0,8.0,19.0,32.0,57.0,6.0,51.0,91.0,42.0,5.0,18.0,2.0,317.0,49,66,29,35,127,86,8,88,83,48,52,43,47,71,39,50,33,78,95,86,35,19,108,55,17,84,12,21,18,46,33,21,20,50,5,69,39,24,37,167,30,64,107,49,52,61,83,13,44,87,136,11,80,54,40,26,98,49,37,109,,,,,,,,,,,,,,,,,,,,,,,,,,,,,,,,,,,,,,,,,,,,,,,,,,,,,,,,,,,,
354.866666666667,44.0,46.0,34.0,4.0,149.0,67.0,47.0,14.0,18.0,43.0,3.0,5.0,2.0,7.0,2.0,32.0,45.0,4.0,48.0,6.0,25.0,23.0,51.0,2.0,53.0,2.0,3.0,12.0,5.0,9.0,6.0,79.0,16.0,86.0,3.0,1.0,77.0,94.0,14.0,14.0,9.0,20.0,10.0,56.0,25.0,29.0,69.0,67.0,8.0,16.0,34.0,55.0,6.0,57.0,99.0,50.0,5.0,17.0,2.0,320.0,45,64,28,40,126,89,7,92,83,49,51,46,45,66,42,61,34,79,93,90,36,18,111,58,21,87,13,25,14,49,33,23,19,46,5,70,39,24,75,148,33,69,107,50,52,64,89,13,48,91,136,13,88,49,39,24,93,57,34,106,,,,,,,,,,,,,,,,,,,,,,,,,,,,,,,,,,,,,,,,,,,,,,,,,,,,,,,,,,,,
,,,,,,,,,,,,,,,,,,,,,,,,,,,,,,,,,,,,,,,,,,,,,,,,,,,,,,,,,,,,323.0,50,66,27,40,133,94,7,87,92,50,53,44,46,69,38,62,34,82,99,89,37,18,114,57,18,89,11,22,19,49,33,21,21,44,5,73,37,35,93,175,35,70,115,49,52,69,92,13,47,92,141,11,87,50,43,24,106,56,39,111,,,,,,,,,,,,,,,,,,,,,,,,,,,,,,,,,,,,,,,,,,,,,,,,,,,,,,,,,,,,
,,,,,,,,,,,,,,,,,,,,,,,,,,,,,,,,,,,,,,,,,,,,,,,,,,,,,,,,,,,,326.0,52,68,29,48,136,96,5,95,82,44,54,49,46,76,44,61,40,83,102,96,35,22,114,59,21,84,9,20,19,52,32,18,20,43,6,74,38,29,107,159,29,75,115,53,49,70,94,13,49,101,140,13,92,52,50,23,102,58,34,113,,,,,,,,,,,,,,,,,,,,,,,,,,,,,,,,,,,,,,,,,,,,,,,,,,,,,,,,,,,,
,,,,,,,,,,,,,,,,,,,,,,,,,,,,,,,,,,,,,,,,,,,,,,,,,,,,,,,,,,,,335.0,61,70,30,49,142,102,17,100,81,54,59,39,47,79,49,64,44,94,119,109,36,22,125,65,20,87,9,21,20,57,37,22,19,47,6,77,44,27,16,269,33,68,128,55,47,64,99,13,55,99,155,12,105,64,58,22,112,61,39,128,,,,,,,,,,,,,,,,,,,,,,,,,,,,,,,,,,,,,,,,,,,,,,,,,,,,,,,,,,,,
,,,,,,,,,,,,,,,,,,,,,,,,,,,,,,,,,,,,,,,,,,,,,,,,,,,,,,,,,,,,337.116666666667,81,82,29,55,158,105,14,98,95,53,54,68,49,87,47,67,42,89,124,120,37,24,146,61,20,95,9,24,16,62,38,20,20,53,5,80,48,30,123,168,37,75,136,56,52,72,109,15,55,111,163,12,101,59,55,21,132,64,40,138,,,,,,,,,,,,,,,,,,,,,,,,,,,,,,,,,,,,,,,,,,,,,,,,,,,,,,,,,,,,
